					
Titles	Views	Likes	Comments		
"TRỜI ĐẤT ƠI, cả xóm ai cũng TÁ HỎA xôn xao khi biết chuyện này - tập 744"	"2,871,045"	"20,688"	"1,299"		
"Ở NHÀ mục nát, ăn LÁ CÂY rừng, uống nước suối, để TỒN TẠI - tập 1025"	"2,648,974"	"16,850"	"1,693"		
"BÍ ẨN nơi hoang vắng, NGƯỜI RỪNG còn sót lại, sống như thời nguyên thủy - tập 747"	"2,567,664"	"16,480"	"1,272"		
"Đôi vợ chồng, bất chấp thị phi xóm làng, dắt nhau ra bờ ra bụi ở, vì mẹ chồng ganh ghét - tập 661"	"2,080,344"	"11,930"	895		
"CÔ GÁI xinh đẹp, ĂN NGỦ trong rừng, ăn LÁ CÂY - tập 1019"	"1,967,629"	"17,382"	"1,243"		
"CẢ XÓM ai cũng bật ngữa, CÔ BÉ học lớp 6 đã BỒNG CON sống ở ẨN trong rừng - tập 864"	"1,948,897"	"14,243"	813		
"Món ăn ĐỘC LẠ của người rừng, ai nhìn thấy cũng thèm chảy nước miếng - tập 743"	"1,914,030"	"17,699"	914		
"CÔ GÁI xinh đẹp, chạy vô trong rừng, VẤT VẢ kiếm cơm, LỤM phân đổi GẠO - tập 1047"	"1,854,277"	"18,171"	"2,565"		
"3 CHA CON ở trong hang đất, giống như thời nguyên thủy - tập 1310"	"1,826,287"	"17,419"	"1,193"		
"CÔ GÁI xinh đẹp, chạy trốn ĐÀN ÔNG, ăn ngủ trong rừng - tập 1028"	"1,644,919"	"15,755"	"1,187"		
"ĂN NGỦ trong rừng, không dám nấu CƠM ĂN vì sợ HẾT GẠO, ở ngôi nhà MỤC NÁT - tập 1013"	"1,575,256"	"18,615"	"1,211"		
"Tận cùng của sự nghèo khổ, 11 người sống trong căn nhà rách nát, người ra đi, kẻ ở lại - tập 649"	"1,517,591"	"9,055"	464		
"MẤT CHA gánh nợ, CÔ GÁI sống trong rừng, mỗi ngày ăn LÁ CÂY đắng LE LƯỠI - tập 972"	"1,477,144"	"12,719"	706		
"Ngôi làng nghèo, cơm không có ăn, nước không đủ uống, một tháng mới tắm một lần - tập 460"	"1,450,612"	"12,110"	751		
"3 MẸ CON ăn lá ĐU ĐỦ hàng ngày để sống, MÓN ĂN đắng LE LƯỠI - tập 929"	"1,400,885"	"12,429"	614		
"RƯỢT ĐUỔI, chạy theo 2 đứa trẻ sống bí ẩn nơi hẻo lánh - tập 761"	"1,369,513"	"12,470"	734		
"YÊU SỚM để rồi HỐI HẬN, gà mái nuôi con, ôm con chạy vô rừng trú ẩn - tập 765"	"1,368,651"	"13,249"	727		
"ÔNG LÃO bị con cái LÃNG QUÊN, sống tạm bợ CĂN CHÒI rách tả tơi - tập 1578"	"1,362,899"	"11,461"	"1,431"		
"2 VỢ CHỒNG mồ côi cha mẹ, THAY ĐỔI cuộc sống thoát nghèo - tập 1539"	"1,316,163"	"10,542"	930		
"Cả gia đình nghèo sống ẩn danh trong rừng sâu không một ai biết đến, ăn lá cây sinh sống - tập 483"	"1,233,851"	"9,547"	502		
"Người cha già còng lưng nuôi con, con cái lớn khôn đuổi cha già lên núi rừng hoang vu - tập 500"	"1,214,911"	"13,020"	681		
"LỜI TÂM SỰ nghẹn ngào, 3 mẹ con ở trong rừng, ăn LÁ CÂY đắng lè lưỡi để sống - tập 1005"	"1,207,917"	"12,340"	"1,047"		
"CÔ GÁI bị cha mẹ đuổi ra khỏi nhà, chạy vô RỪNG ăn lá cây, ở nhà rách nát TE TUA - tập 989"	"1,185,087"	"12,803"	708		
"Người phụ nữ sống ẩn cư trong rừng, bị con quái vật lạ tấn công, đập phá nhà lúc nửa đêm - tập 664"	"1,148,355"	"12,172"	655		
Thực hiện lời hứa tặng quà cho cụ bà sống với con heo rừng ẩn danh trên vùng núi cao - tập 474	"1,145,214"	"8,756"	721		
"Gia đình nhỏ sống trong căn nhà rách nát, nghẹn ngào vì 20 năm chưa được ăn thịt cá hộp - tập 471"	"1,141,480"	"9,566"	722		
"3 MẸ CON ăn chu.ột, ở trong rừng, MÓN ĂN kì lạ CH.U.ỘT nấu canh chua - tập 1002"	"1,119,148"	"12,300"	774		
"CÔ GÁI xinh đẹp, ĂN NGỦ ở trên núi, 18 năm không biết THÀNH PHỐ - tập 1073"	"1,116,070"	"14,255"	794		
"2 VỢ CHỒNG trẻ, dắt nhau vô rừng sinh sống, trong CĂN NHÀ dột nát - tập 1190"	"1,112,993"	"10,209"	594		
Cụ bà 100 tuổi leo lên núi cao đi hái lá cây rừng ăn và nuôi thú vật - tập 469	"1,110,211"	"8,185"	598		
CÔ GÁI MIỀN TÂY lưu lạc ở vùng đất nắng gió lượm rác thải KIẾM ĂN - tập 1733	"1,101,789"	"10,664"	"1,060"		
"CÔ GÁI ở trong rừng, ăn LÁ CÂY, món ăn đắng LÈ LƯỠI, ai nhìn thấy cũng chảy NƯỚC MIẾNG - tập 997"	"1,087,154"	"10,715"	785		
Chia sẻ cách tìm tổ ong ruồi dễ dàng từ A đến Z tìm là thấy ngay	"1,085,772"	"5,844"	490		
"CÔ GÁI ăn ngủ trong rừng, ăn tất cả LÁ CÂY rừng, ĂN để TỒN TẠI - tập 1008"	"1,039,525"	"10,821"	780		
Người phụ nữ sống ẩn danh trên núi với động vật như người rừng - tập 448	"1,034,354"	"8,015"	448		
"Đứa con gái bất hiếu, bỏ mẹ già một mình trên núi không cho ăn cơm, lượm phân bò kiếm ăn - tập 526"	"1,032,987"	"11,364"	633		
"BỮA ĂN nghèo nhất, lá cây chấm muối ớt, 2 vợ chồng trẻ BẬT KHÓC - tập 1392"	"1,025,457"	"7,284"	588		
"Đi vào rừng sâu, vực thẳm tìm kiếm người đàn ông mang hình hài con ếch - tập 567"	"1,021,369"	"9,139"	534		
"Lạc vào rừng sâu, bất ngờ phát hiện nơi ở của người rừng đẹp lung linh - tập 630"	"1,016,265"	"11,750"	650		
"ĂN LÁ cây, NGỦ trong rừng, uống nước suối, ĂN UỐNG tất cả để TỒN TẠI - tập 1030"	"1,004,580"	"10,273"	739		
"BÍ ẨN, người đàn ông ở trên ngọn núi cao, sống như NGƯỜI RỪNG - tập 730"	"1,003,250"	"6,322"	267		
"XÓT THƯƠNG 2 vợ chồng trẻ MỒ CÔI cha lẫn mẹ, sống LANG THANG - tập 1485"	"988,521"	"11,914"	"1,183"		
"BỮA CƠM của người nghèo, món ăn đắng LÈ LƯỠI, ngậm đắng nuốt cay - tập 1219"	"977,296"	"9,538"	643		
"TRỜI ƠI, ông lão không tin, NGƯỜI DƯNG lại cho ông lão số TIỀN LỚN - tập 813"	"953,479"	"11,872"	964		
"MÓN QUÀ đặc biệt đưa lên vùng cao, cả xóm ai cũng VUI MỪNG - tập 772"	"947,338"	"13,875"	865		
"Phát hiện ngôi làng dưới thung lũng núi đẹp lung linh, người dân sống như người rừng - tập 695"	"929,127"	"8,091"	563		
"Tá hỏa khi nhìn thấy cụ bà ăn món ăn KÌ LẠ này, ai nhìn thấy cũng NÍN THỞ không dám ăn - tập 697"	"921,353"	"9,569"	658		
Cụ bà 100 tuổi sống ẩn danh trên núi vui mừng vì được tặng cá khô hỗ trợ suốt đời - tập 462	"906,791"	"9,304"	504		
"TÉ XỈU vì kiệt sức, hành trình theo chân 2 vợ chồng ĐÔI ĐŨA LỆCH sống ẨN CƯ trên đỉnh núi - tập 700"	"899,222"	"10,388"	497		
"TẬN CÙNG của sự nghèo khổ, sống trong ngôi nhà, thua cái CHUỒNG GÀ - tập 799"	"890,676"	"11,461"	"1,136"		
"QUẢ BÁO, người đàn ông bỏ vợ, bỏ con theo NHÂN TÌNH mới, bị trời phạt - tập 750"	"887,112"	"9,977"	331		
"VƯỢT QUA dốc núi, chở MÓN QUÀ yêu thương vào rừng, chuyến xe CỨU TRỢ - tập 1023"	"880,849"	"9,339"	804		
"GÀ TRỐNG nuôi con, 2 cha con TRÚ ẨN ở trong rừng - tập 1472"	"880,625"	"9,948"	800		
"Ngôi làng nghèo bị bỏ quên trú ẩn trong rừng sâu, ăn lá cây rừng để sinh sống - tập 527"	"877,825"	"8,573"	490		
"KẺ GIẤU MẶT ghen tị âm thầm làm chuyện MỜ ÁM sau lưng, khiến ai cũng BỨC XÚC - tập 890"	"866,726"	"9,901"	505		
"CÔ BÉ chăn bò DỄ THƯƠNG nhất xóm, BẤT NGỜ thay đổi, thực hiện ƯỚC MƠ - tập 856"	"864,098"	"10,239"	565		
"Cụ ông 82 tuổi sống trong căn nhà rách nát, ẩn danh trên núi cùng với 2 con chó - tập 497"	"859,381"	"5,671"	271		
"ĐÊM TỐI, lạc vào vùng đất RẮN, nơi ở của người nghèo, ai đến cũng, ỚN LẠNH - tập 1089"	"855,521"	"11,682"	869		
"THỬ LÒNG xin tiền BÀ CỤ đi lụm VE CHAI, bất ngờ khiến HÀNG TRIỆU người xem XÚC ĐỘNG - tập 965"	"826,080"	"10,113"	744		
"Lạc vào nơi ở của người rừng, đẹp lung linh, ước mơ về già của hàng triệu con người - tập 643"	"817,590"	"6,601"	278		
"MÙNG 1 TẾT, vượt đèo dốc, đưa MÓN QUÀ yêu thương lên đỉnh núi cao, CỨU ĐÓI người nghèo - tập 964"	"816,235"	"6,520"	403		
"Rớt nước mắt, khi nhìn thấy hoàn cảnh của người phụ nữ sống trong ngôi nhà rách nát te tua - tập 523"	"806,966"	"6,671"	295		
Nhặt được THIÊN THẦN ở bãi rác - tập 1461	"804,122"	"11,118"	"1,016"		
"2 VỢ CHỒNG trẻ dắt nhau vô rừng ở, HÁI RAU rừng ăn, để TỒN TẠI - tập 1206"	"803,131"	"8,264"	389		
"HÀNH TRÌNH xây dựng ƯỚC MƠ cho người MÙ, mấy chục năm sống trong BÓNG TỐI - tập 797"	"797,139"	"7,983"	594		
"Hai chú cháu bị căm điếc, ăn đậu bắp, lá cây dại, uống nước bùn sình để sống - tập 439"	"793,370"	"7,994"	718		
"CÔ GÁI xinh đẹp, ôm con chạy vô rừng, LỤM phân đổi GẠO ăn - tập 1056"	"789,915"	"8,750"	545		
"LỤM PHÂN đổi gạo, CÔ GÁI không biết cha là ai, HỌC GIỎI nhất miền núi - tập 1009"	"784,776"	"9,073"	579		
"TRÈO ĐÈO lội suối mang TRÁI CÂY rừng xuống núi, rinh vác CỰC KHỔ mà BÁN RẺ như cho - tập 863"	"782,375"	"9,216"	468		
"ĐỨA BÉ không biết CHA là ai, cuộc sống vất vả, lượm phân bò đổi CƠM GẠO - tập 877"	"781,792"	"9,128"	809		
"3 MẸ CON sống trong CĂN NHÀ rách nát TE TUA, ăn cơm với muối, BỮA ĐÓI, BỮA NO - tập 927"	"779,302"	"6,849"	218		
"Éo le cuộc tình, người phụ nữ có 6 đời chồng, 3 người còn sống, 3 người mất - tập 502"	"776,349"	"4,907"	246		
"Người phụ nữ, bỏ chồng bỏ con, sống ẩn cư trên núi, ăn chuối, ăn lá đu đủ thay cơm - tập 686"	"773,605"	"7,443"	500		
"KIỆT SỨC, vượt đèo dốc núi, lạc vào nơi khắc nghiệt, CHÓ ăn đá, GÀ ăn sỏi - tập 1032"	"773,283"	"11,045"	"1,006"		
"ĂN NGỦ ở trong rừng, ăn LÁ CÂY, uống nước suối, ƯỚC MƠ được nhìn thấy THÀNH PHỐ - tập 1011"	"748,066"	"7,936"	751		
Cô gái 14 tuổi lấy chồng sớm sống ẩn danh trên núi trong căn nhà rách nát - tập 515	"742,654"	"5,070"	197		
"Món quà ý nghĩa tặng cụ bà sống trong căn nhà rách nát với rắn rết, chuột, muỗi, kiến gián - tập 422"	"739,696"	"7,427"	465		
"Cụ bà 100 tuổi bật khóc, vì nhận món quà quá lớn, 100 năm có 1 lần - tập 653"	"737,040"	"11,373"	637		
"2 VỢ CHỒNG bị con cái đuổi ra BỤI CHUỐI ở, mặt trái của SỰ THẬT đã được SÁNG TỎ - tập 943"	"736,583"	"9,191"	"1,498"		
Hai mẹ con sống như người rừng được hỗ trợ thay đổi cuộc sống tốt hơn - tập 478	"732,920"	"6,609"	318		
"TRUY TÌM người phụ nữ SỐNG ẨN trong rừng ĂN LÁ, ăn khoai, để TỒN TẠI - tập 1081"	"732,717"	"12,837"	"1,190"		
"BỎ LÀNG, 2 vợ chồng trẻ tuổi nhất miền núi, chạy vô rừng ở ẩn - tập 1343"	"726,804"	"7,346"	408		
"2 MẸ CON bị chồng bỏ, chạy vô rừng kiếm cơm, sợ đàn ông VÔ TÂM - tập 1194"	"726,802"	"7,274"	345		
"Tặng nhà cho 3 chị em gái mồ côi, sống trong căn nhà tồi tàn, ăn lá cây, ăn khoai để sống - tập 436"	"726,296"	"7,184"	423		
"TƯƠNG LAI mịt mù, CÔ GÁI làm việc này, giữa BIỂN HỒ mênh mông để chăm nuôi MẸ GIÀ - tập 802"	"719,659"	"10,364"	627		
"3 MẸ CON sống nương tựa vào nhau, ăn ngủ ở trong CĂN NHÀ mục nát - tập 1214"	"717,254"	"7,349"	452		
"BỐN MẸ CON trú ẩn dưới THUNG LŨNG núi, trong cái lều RÁCH NÁT - tập 1635"	"716,099"	"6,728"	616		
"Chuyện lạ có thật, cụ bà 100 tuổi chia sẻ cách sống thọ, khỏe như gái 18 tuổi - tập 623"	"709,167"	"9,228"	577		
"ĐỨA BÉ mang hình hài KỲ LẠ, ai nhìn thấy cũng XÓT THƯƠNG, ăn cháo với muối - tập 838"	"705,534"	"6,540"	368		
"Cuộc truy tìm nghẹt thở, đôi vợ chồng sống trong hang đá, bị lạc đường giữa rừng sâu - tập 635"	"700,994"	"7,991"	506		
"Nạn bị chồng bỏ của các cô gái đồng bào miền núi "" Mẹ Đơn Thân "" dưới tuổi 18 - tập 572"	"694,527"	"4,473"	329		
"XÓM NGHÈO sống trú ẩn trong rừng, ở ngôi nhà RÁCH NÁT te tua, BỮA ĐÓI, BỮA NO - tập 937"	"694,030"	"7,146"	310		
"CẢ XÓM ai cũng xôn xao, 2 đứa trẻ MỒ CÔI nhận món quà KHỔNG LỒ - tập 784"	"692,859"	"8,995"	410		
"HÀNH TRÌNH vượt đèo, núi dốc, tìm kiếm bốn MẸ CON ăn ngủ trong rừng - tập 1014"	"690,939"	"9,396"	616		
"Vượt đèo, băng qua suối thác, tìm kiếm đôi vợ chồng sống ẩn danh trên núi như người rừng - tập 625"	"689,043"	"8,344"	381		
"TÁ HỎA khi nhìn thấy cảnh này, ÔNG LÃO bí ẩn nằm trong căn nhà hoang - tập 768"	"687,939"	"7,642"	689		
"ÔNG CỤ, mấy chục năm, GHIỀN ăn lá ĐU ĐỦ, ăn bắp THAY CƠM - tập 1254"	"684,829"	"5,360"	436		
"BÀ CỤ nhảy tưng bừng, VUI MỪNG vì được TẶNG ngôi nhà MƠ ƯỚC - tập 811"	"681,092"	"12,841"	776		
"Cụ bà 70 tuổi sống ẩn danh trong rừng, sợ tiếp xúc với người xa lạ - tập 569"	"680,002"	"4,673"	224		
"CHA RUỘT đuổi 2 đứa CON GÁI đẹp như THIÊN THẦN ra khỏi nhà, vào trong rừng ở - 1078"	"671,282"	"12,709"	"1,231"		
"MÓN ĂN nuôi sống cả GIA ĐÌNH nghèo, ăn KHOAI rừng thay CƠM - tập 979"	"669,557"	"7,566"	845		
"Lời tâm sự của 2 vợ chồng đôi đũa lệch, bị mẹ chồng ganh ghét, đuổi ra khỏi nhà - tập 665"	"664,515"	"6,807"	531		
"10 người sống trong căn nhà rách nát te tua, đào khoai, ăn lá, bữa đói bữa no - tập 680"	"664,015"	"7,249"	321		
Hành trình tặng quà cho hai gia đình người rừng sống ẩn danh trong rừng sâu - tập 487	"662,166"	"5,271"	254		
"ĂN LÁ ăn cây, ở trong rừng, có gì ĂN NẤY, sống trong NGÔI NHÀ rách nát TE TUA - tập 1015"	"660,386"	"7,759"	603		
"ĐƯA NHAU lên núi, 2 vợ chồng MÙ CHỮ, chịu đựng đói khổ ở rừng - tập 1191"	"656,727"	"7,780"	381		
"CĂN NHÀ chuồng chim, 72 năm nghèo khổ, nay ÔNG BỤT đến tặng quà - tập 1325"	"656,720"	"7,917"	564		
"HÀNH TRÌNH đưa món quà YÊU THƯƠNG vào rừng, NỬA ĐÊM lạc trong khu rừng hoang - tập 866"	"654,822"	"12,651"	949		
Cụ bà 80 tuổi lấy chồng trẻ hơn mình 20 tuổi sống ẩn danh trong rừng núi hoang vu - tập 518	"653,008"	"3,897"	326		
"3 mẹ con nghèo khổ, không có tiền mua thức ăn, bắt con chuột nấu canh, ăn cây cỏ để sống - tập 437"	"648,515"	"4,596"	316		
"NGÔI NHÀ rách nát tả tơi, 2 vợ chồng NGỦ ngồi, TRỐN CHUI khi gặp trời MƯA BÃO - tập 1016"	"646,003"	"9,540"	458		
"KHÔNG NGỜ cha dượng lại làm CHUYỆN ẤY với con gái, cả xóm ai cũng BỨC XÚC - tập 858"	"629,741"	"7,531"	725		
"BẤT NGỜ, cô gái không tin vào ĐÔI MẮT mình, ƯỚC MƠ trở thành SỰ THẬT - tập 814"	"626,703"	"8,859"	407		
"TẬN CÙNG của nỗi khổ, 2 vợ chồng trẻ dắt nhau vô rừng KIẾM ĂN - tập 1530"	"623,234"	"6,283"	585		
"Người phụ nữ cô độc, không chồng con, gia đình, người thân sống giữa núi rừng hoang vu - tập 654"	"621,727"	"6,121"	292		
"Ngôi làng nghèo, cơm không có ăn, nước không đủ uống, quanh năm chỉ ăn lá cây để sống - tập 428"	"619,603"	"5,516"	324		
Đi tìm tổ chim - tổ chim chích chòe đất bắt đầu vào mùa sinh sản	"610,919"	"3,745"	309		
"Người cha già bị con cái bỏ rơi, sống trong căn nhà rách nát trên rừng núi hoang vu - tập 492"	"609,640"	"5,580"	445		
Tìm lại sự sống cho cô gái xinh đẹp mang hình hài giống như 2 cái đầu - tập 530	"602,938"	"5,513"	528		
"ĂN LÁ CÂY như ăn thịt bò DUBAI, món ăn ĐẶC SẢN của người nghèo khổ - tập 1255"	"601,478"	"6,774"	517		
"Cả gia đình quanh năm ăn chuối luộc, lá cây rừng, uống nước suối để sinh sống - tập 476"	"600,911"	"4,248"	334		
"TRÁI CÂY RỪNG, vượt đèo lội suối, hái cực khổ, bán lại cho LÁI BUÔN rẻ như cho - tập 831"	"599,774"	"8,854"	574		
"CỤ BÀ vui mừng rơi NƯỚC MẮT, bất ngờ nhận được NGÔI NHÀ nhiều năm MƠ ƯỚC - tập 809"	"599,437"	"8,996"	638		
"THỬ LÒNG người phụ nữ sống trong CĂN NHÀ mục nát, rách tả tơi - tập 1316"	"598,861"	"6,347"	382		
MÓN QUÀ lớn nhất trong cuộc đời NGƯỜI RỪNG sau mấy chục năm trú ẩn nơi hoang vắng - tập 763	"586,779"	"6,327"	684		
"LỜI CẦU CỨU, cô gái bị CHA DƯỢNG làm chuyện ấy, cả xóm ai cũng phẫn nộ - tập 756"	"586,065"	"8,285"	472		
"Bữa ăn của NGƯỜI RỪNG, món ăn ĐỘC LẠ này đã cứu sống cả gia đình - tập 745"	"583,957"	"7,266"	333		
"CÔ GÁI nhà nghèo, dắt con chạy vô rừng KIẾM CƠM, có cái gì, ăn cái nấy - tập 1144"	"578,728"	"8,232"	415		
"THỬ LÒNG bà lão chăn bò, gặp SỰ CỐ trên RỪNG, và cái kết RƠI NƯỚC MẮT - tập 848"	"577,897"	"7,899"	444		
"ÔNG BỤT xuất hiện kịp lúc, giúp đỡ gia đình nghèo khổ HẾT GẠO ăn - tập 1323"	"577,477"	"8,333"	472		
"NÉT ĐẸP thuần khiết của người CON GÁI miền núi, khiến bao ANH CHÀNG say mê - tập 860"	"576,422"	"5,671"	243		
"NỬA ĐÊM kẻ lạ mặt, H.I.Ế.P D.Â.M người PHỤ NỮ ở trong rừng - tập 1402"	"570,363"	"5,586"	387		
"HÀNH TRÌNH vượt dốc đá, vào tận rừng già, TRUY TÌM ông cụ, sống ẨN CƯ nơi hoang vắng - tập 1085"	"567,540"	"10,651"	"1,207"		
"NGÔI NHÀ độc lạ ở trong bụi cây, của NGƯỜI RỪNG sống ẩn danh, cách biệt với XÃ HỘI - tập 923"	"564,584"	"6,929"	503		
"ĂN CHUỐI thay cơm, 3 mẹ con sống trong RỪNG, có gì ăn nấy, bữa đói, BỮA NO - tập 998"	"562,918"	"7,612"	357		
"ÔM BỤNG bầu đi lụm PHÂN đổi gạo, ăn LÁ CÂY rừng, để TỒN TẠI - tập 1026"	"561,243"	"7,189"	514		
"ĐIỀU ƯỚC nghe nhói lòng, xin gạo nấu cháo ăn với muối, để TỒN TẠI - tập 1311"	"560,818"	"6,901"	542		
"CƠM ÁO gạo tiền, tay xách, vai mang, làm việc CÒNG LƯNG vẫn không đủ sống - tập 1064"	"559,428"	"7,117"	398		
"Người cha già đau khổ vì con, con cái lấy hết tiền bạc, đồ đạc, đuổi cha già lên núi sống - tập 496"	"557,204"	"5,211"	440		
"ĂN CƠM với muối ớt, 2 năm chưa được ăn cá thịt, GIA ĐÌNH nghèo ẩn cư trong RỪNG - tập 862"	"555,092"	"7,386"	368		
"KIỆT SỨC, 12 GIỜ mang những MÓN QUÀ đến tay người NGHÈO, tuy VẤT VẢ nhưng RẤT VUI - tập 819"	"551,892"	"7,221"	317		
"NGƯỜI CHA bỏ lại đứa con trong rừng, ĐỨA BÉ làm hàng triệu TRÁI TIM xúc động - tập 1091"	"551,066"	"12,681"	989		
"Thót tim, khi đi lạc vào những ngôi nhà bí ẩn của người rừng trên đỉnh núi hoang vu - tập 631"	"551,016"	"5,633"	165		
XÚC ĐỘNG cô bé sống ở ẨN trong rừng ƯỚC MƠ đánh đổi bản thân để cứu CHA MẸ - tập 865	"548,147"	"7,269"	370		
"3 MẸ CON, ăn ngủ ở rừng, ăn bông đu đủ để TỒN TẠI - tập 1246"	"547,302"	"7,253"	397		
"MÓN ĂN của người nghèo, đắng LÈ LƯỠI, không phải ai cũng DÁM ĂN - tập 1760"	"542,229"	"6,670"	621		
"NGƯỜI RỪNG thay đổi cuộc sống mới, sau mấy chục năm sống BÍ ẨN nơi hoang vắng - tập 757"	"539,678"	"6,937"	682		
Người phụ nữ U50 may mắn LỤM chàng trai trẻ U30 khiến cả xóm NGỠ NGÀNG - tập 1267	"539,154"	"4,120"	199		
"Người phụ nữ sống cô độc trong rừng, lần đầu tiên nhận món quà yêu thương - tập 670"	"538,887"	"6,529"	458		
"KHỔ TẬN cùng, mẹ già ở trong TÚP LỀU nhỏ, lượm PHÂN BÒ, ve chai đổi gạo ăn - tập 1231"	"538,671"	"6,068"	356		
"Người đàn ông sống ẩn cư trong rừng, ăn những món ăn độc lạ, ai nhìn thấy cũng ớn óc - tập 667"	"535,939"	"7,192"	250		
"CÔ BÉ 6 tuổi, lang thang ở rừng, HÁI NẤM, tự nấu ăn, trú ẩn trong CĂN NHÀ mục nát - tập 1098"	"531,529"	"8,194"	662		
THĂM NHÀ gà lang thang và kế hoạch chữa bệnh cho EM BẢO - tập 1726	"529,881"	"8,737"	"1,158"		
"Giây phút gây cấn, vật lộn với con chó săn hung dữ, 1 con chó chấp 5 người - tập 409"	"529,639"	"4,963"	457		
THỬ LÒNG mua hết 40 kí xoài cho CHỊ GÁI bằng số TIỀN LỚN - tập 1084	"524,904"	"7,563"	475		
"2 VỢ CHỒNG nghèo, nhặt được thiên thần trong BÃI RÁC - tập 1528"	"523,917"	"6,734"	392		
"XÚC ĐỘNG, rớt nước mắt CHA MẸ ra đi mãi mãi, để lại 2 đứa trẻ MỒ CÔI không nơi nương tựa - tập 709"	"519,529"	"5,635"	631		
"CHÀNG TRAI nghèo bỏ phố lên rừng, sống ẨN DANH suốt 20 năm - tập 1504"	"518,216"	"5,522"	454		
"TẬN CÙNG của nỗi khổ, 2 cha con ĂN NGỦ ở trong rừng, LỤM PHÂN đổi gạo ăn - tập 1112"	"515,763"	"6,939"	361		
"QUẢ NGỌT từ ân nhân, chàng trai trẻ trồng TRÁI CÂY đắt tiền ở trên núi - tập 1412"	"515,442"	"6,883"	808		
Chàng trai mồ côi cha mẹ từ nhỏ sống trong rừng đi lượm phân bò mưu sinh - tập 493	"513,600"	"5,406"	245		
"XÓT XA, chỉ vì đứa bé thèm ĂN BÁNH, người MẸ nghèo đành bỏ làng trốn lên rừng - tập 724"	"511,032"	"6,772"	212		
"BẤT NGỜ người đàn ông QUÈ CHÂN đi nhanh như GIÓ, sống ẨN CƯ trong RỪNG - tập 909"	"509,916"	"5,722"	408		
"XÓT THƯƠNG, 2 vợ chồng không có nhà ở, dắt nhau lên núi sống ẨN CƯ bữa đói bữa no - tập 711"	"509,665"	"5,522"	164		
"ẨN TU trong rừng, cách biệt với XÃ HỘI, người ĐÀN ÔNG từ bỏ tất cả, chạy đến nơi TẬN CÙNG - tập 994"	"508,103"	"7,650"	370		
"THẬT BẤT NGỜ, ngôi nhà RÁCH NÁT, bỗng nhiên hóa thành BIỆT THỰ đẹp nhất núi rừng - tập 698"	"508,020"	"6,926"	638		
"CỤ BÀ mỗi ngày đi bộ hơn 10 cây số trong RỪNG kiếm ăn, 1 ngày chỉ được ĂN CƠM 1 bữa - tập 841"	"506,743"	"7,284"	436		
"Bé gái 14 tuổi đẻ 3 đứa con, sống trong cảnh nghèo khổ, thiếu thốn chật vật nuôi con - tập 562"	"505,268"	"4,800"	380		
"Đi tìm tổ chim, tổ chim sáo, tổ chích chòe than đất, tổ cò núi, và tổ ong ruồi cuối mùa"	"499,729"	"3,636"	641		
"QUẢ NGỌT từ hạt giống của ÂN NHÂN, vượt khó thoát nghèo - tập 1334"	"499,558"	"7,873"	552		
"NỬA ĐÊM, đi lạc trong RỪNG, nghe tiếng hát RÙNG RỢN vang vọng nơi HẺO LÁNH - tập 827"	"499,089"	"8,609"	591		
"CƠM CHAN nước lã, món ăn thất truyền từ thời XA XƯA - tập 1324"	"497,081"	"6,175"	412		
"BỎ LÀNG lên núi cao TRÚ ẨN, ăn khoai, ăn lá, sống như người rừng - tập 1074"	"494,625"	"8,607"	479		
"Đi tìm tổ chim - chim đầu mùa, hội tụ tất cả các loài chim"	"493,088"	"3,839"	659		
"ÔNG LÃO lượm ve chai, biến căn nhà bỏ hoang thành khu NGHỈ DƯỠNG - tập 1763"	"492,896"	"7,289"	884		
"Gia đình nhỏ sống trong căn nhà rách nát, tồi tàn, te tua, tơi tả, ăn lá cây cỏ để sống - tập 467"	"490,386"	"3,767"	254		
"THỬ LÒNG xin tiền người nghèo khổ, câu chuyện CẢM ĐỘNG lòng người - tập 1270"	"489,394"	"5,629"	338		
"NGƯỜI ĐÀN ÔNG sống cô độc trong rừng, cuộc sống VẤT VẢ không vợ con, nhưng vẫn VUI CƯỜI - tập 946"	"488,947"	"6,846"	496		
"2 VỢ CHỒNG ăn ngủ trong rừng, trú ẩn ở CĂN NHÀ sâu bọ, ai thấy cũng ỚN LẠNH - tập 1099"	"488,199"	"6,300"	486		
"2 MẸ CON, ôm nhau ở trong CĂN NHÀ mục nát, BỮA ĐÓI, bữa no - tập 1204"	"488,106"	"6,204"	233		
"CHẠNH LÒNG, khi nghe câu nói của cô bé CHĂN BÒ khiến hàng triệu người cảm thấy XÓT THƯƠNG - tập 716"	"486,466"	"5,781"	440		
"ĐAU LÒNG, người phụ nữ sống ẨN DANH trong rừng, bị thanh niên nghiện rượu, làm chuyện ấy - tập 742"	"483,236"	"5,712"	266		
"Bộ tộc sống ẩn danh trong rừng, bắt chuột, bắt dế con trùng ăn lá cây cỏ sinh sống - tập 560"	"477,038"	"4,897"	324		
"4 MẸ CON đi lang thang trong rừng kiếm CƠM, bữa đói BỮA NO - tập 1069"	"476,845"	"6,840"	286		
"CHA MẸ bỏ đi hết, để lại 3 đứa trẻ MỒ CÔI giữa rừng, ăn LÁ CÂY, CỦ KHOAI rừng sinh sống - tập 706"	"476,652"	"5,547"	208		
"2 VỢ CHỒNG nghèo ở biệt lập trong rừng, ƯỚC MƠ một đám cưới - tập 1466"	"472,933"	"6,931"	434		
"LỤM RÁC đổi cơm gạo, hái LÁ CÂY rừng ăn, để qua CƠN ĐÓI - tập 1076"	"471,803"	"5,939"	347		
"VƯỜN MÍT bí ẩn ở trong rừng, thơm ngon BÁN RẺ như cho - tập 1061"	"470,685"	"7,316"	381		
"ĂN LÁ cây để sống, lá đu đủ rừng chấm MUỐI ỚT, đắng LÈ LƯỠI - tập 1018"	"469,697"	"5,520"	424		
Đi tìm tổ chim - chuyến đi gặp thật nhiều tổ chim mới lạ	"468,690"	"5,553"	636		
"Hai mẹ con xúc động rớt nước mắt, khi nhận tin vui được tặng ngôi nhà mới - tập 498"	"467,446"	"5,187"	267		
"Niềm vui lớn, đã tìm thấy con chó bị thú dữ cắn rách bụng trong rừng - tập 434"	"467,246"	"5,660"	276		
"GIA ĐÌNH nghèo ăn ở trong rừng, sống TẠM BỢ căn nhà mục nát - tập 1529"	"466,930"	"5,375"	340		
Người nước ngoài ở ĐỨC vượt 10.000km về Việt Nam tặng quà cho bà con miền núi - tập 636	"466,086"	"5,247"	229		
"CỤ BÀ đi lang thang, hái bắp, đào khoai ăn, sống tự lập trong RỪNG - tập 896"	"465,036"	"6,345"	271		
ĐÔI ĐŨA LỆCH nghèo ở trong CĂN CHÒI rách te tua - tập 1604	"464,239"	"5,236"	321		
"HIẾU THẢO với cha mẹ, TRỜI PHẬT ban tặng món QUÀ LỚN - tập 1349"	"460,488"	"5,752"	282		
"BỮA ĂN sáng của người nghèo, lá ĐU ĐỦ, món ăn đắng LE LƯỠI - tập 981"	"460,295"	"5,801"	317		
"CĂN NHÀ rách tả tơi, ở trên núi cao, nơi TRÚ ẨN của người nghèo - tập 1426"	"459,878"	"5,528"	367		
"ANH CHÀNG miền tây lấy vợ miền núi, sống ẨN CƯ trong rừng suốt 10 NĂM - tập 1520"	"457,931"	"6,204"	347		
"CẦN CÂU cơm giúp người nghèo khó, TẶNG món quà ai cũng MƠ ƯỚC - tập 1319"	"455,264"	"5,427"	293		
"KỲ LẠ, người đàn ông sống biệt lập trên rừng, không cần tiền - tập 732"	"454,729"	"6,894"	226		
"NGƯỜI MÈO xuất hiện trong rừng, cả xóm ai cũng TÁ HỎA bỏ chạy, xa lánh - tập 740"	"454,566"	"6,395"	864		
"VƯỢT ĐÈO dốc đá cheo leo, đến tận núi cao, giúp đỡ người NGHÈO KHÓ - tập 1517"	"453,258"	"5,130"	371		
"RẮN TO vô nhà người nghèo, ai nhìn thấy cũng BỎ CHẠY - tập 1707"	"451,654"	"5,533"	343		
"BÍ MẬT của người nghèo, LỤM ĐÁ kiếm cơm, nơi VÙNG ĐẤT khắc nghiệt - tập 1037"	"451,358"	"5,987"	510		
"NGẬM ĐẮNG nuốt cay, 2 Mẹ con, ĂN NGỦ trong rừng, có gì ĂN NẤY - tập 1046"	"451,098"	"6,234"	401		
"Cô gái có khuôn mặt giống như 2 cái đầu, xót xa khi mang căn bệnh lạ - tập 516"	"450,244"	"3,848"	546		
"CÔ GÁI xinh đẹp, ăn ngủ trong CĂN NHÀ mục nát, LỤM phân đổi GẠO ăn - tập 1053"	"450,241"	"6,246"	349		
"TẬN CÙNG của nổi khổ, không dám ƯỚC MƠ ăn cơm 1 ngày 3 bữa, vì sợ HẾT GẠO - tập 957"	"447,956"	"6,371"	317		
"3 MẸ CON, ăn ngủ trong rừng, lụm PHÂN đổi gạo ăn, để TỒN TẠI - tập 1029"	"445,893"	"6,094"	410		
"CÔ GÁI nghèo ở trên núi, LƯỢM PHÂN bò trả ơn ÂN NHÂN - tập 1440"	"444,869"	"6,517"	555		
"CÔ GÁI hối hận vì đã lấy chồng sớm, tuổi ĂN HỌC đã bế BỒNG CON chạy trốn trong RỪNG - tập 871"	"443,777"	"5,937"	245		
"Bữa cơm NGON NHẤT của NGƯỜI RỪNG, xem mà rớt nước mắt - tập 755"	"443,445"	"6,103"	698		
"MẸ qua đời, CHA bỏ chạy theo NHÂN TÌNH mới, để lại đứa trẻ MỒ CÔI sống giữa rừng - tập 715"	"443,082"	"5,579"	268		
Phát hiện con vật dễ thương trong hang đất làm lay động hàng triệu trái tim - tập 614	"442,482"	"1,921"	144		
2 VỢ CHỒNG nghèo xơ xác sống TẠM BỢ trong căn nhà cũ nát - tập 1537	"442,342"	"4,861"	235		
"CÔ GÁI ôm con chạy lên ĐỈNH NÚI, 3 mẹ con, sống trong CĂN NHÀ mục nát - tập 1075"	"439,367"	"7,358"	400		
Chị gái xinh đẹp mang hình hài 2 cái đầu được quý nhân giúp đỡ tìm lại sự sống - tập 536	"438,553"	"4,969"	523		
"PHÁT HIỆN cô bé bò lếch trong rừng tìm Mẹ, cả làng ai nhìn thấy cũng XÓT XA - tập 926"	"437,119"	"4,850"	270		
"Con người tàn tạ, ngôi nhà dột nát, cuộc sống lang thang, bữa đói bữa no - tập 634"	"436,908"	"4,971"	158		
"CÔ BÉ 9 tuổi gánh chuối phụ CHA MẸ bán kiếm CƠM, ai nhìn thấy cũng NGỠ NGÀNG - tập 874"	"436,258"	"6,325"	365		
"ĂN LÁ cây, NGỦ trong rừng, CÔ GÁI chạy trốn người CHỒNG vô cảm - tập 1027"	"436,251"	"5,485"	394		
"Người thân ra đón ÔNG LÃO về, và cuộc nói chuyện GÂY CẤN giữa đôi bên - tập 785"	"435,986"	"6,785"	"1,551"		
"Không thể tin được, người đàn ông ngủ với con gà, con chó, 1 tháng tắm 1 lần - tập 641"	"435,174"	"4,790"	135		
"3 BÀ CHÁU, ăn ngủ ở rừng, trong CĂN NHÀ mục nát, ăn nhín, nhịn ăn, vẫn đói - tập 1242"	"434,454"	"5,445"	350		
"KHU Ổ CHUỘT, người ăn không hết, kẻ lần không ra, nơi nghèo nhất - tập 746"	"434,439"	"4,559"	197		
"Đi tìm tổ chim - con chim cu đẹp nhất mà tôi đã từng nhìn thấy, loài chim quý hiếm"	"434,280"	"3,755"	"1,413"		
"ĐI TÌM nguồn nước sạch cho người nghèo, MÓN QUÀ vô giá - tập 1470"	"433,392"	"8,083"	619		
"XÓT XA ông cụ nằm BẤT ĐỘNG trong rừng, CƠM không đủ ăn, ÁO không đủ mặc - tập 978"	"433,193"	"5,941"	347		
"BỮA ĂN nghèo nhất, tưởng tượng LÁ CÂY là THỊT HEO - tập 1405"	"430,910"	"4,523"	268		
"HAI TÍ, gà trống nuôi con, BẤT NGỜ được tặng NGÔI NHÀ mơ ước - tập 1256"	"426,514"	"7,203"	631		
"TẬN CÙNG của nỗi khổ, chạy lên đỉnh núi cao LỤM phân đổi GẠO, ăn LÁ CÂY rừng - tập 1005"	"424,615"	"6,203"	302		
"MÓN ĂN kỳ lạ chưa từng thấy, đắng LÈ LƯỠI, ngậm ĐẮNG nuốt nước mắt, để TỒN TẠI - tập 999"	"424,307"	"5,779"	352		
"Vượt đèo, lội suối, đi vào rừng sâu vực thẩm, tìm kiếm cụ bà sống neo đơn trên đỉnh núi - tập 622"	"423,433"	"5,266"	199		
"Xót xa, cô bé 18 tuổi mang thai chồng bỏ, em vất vả lượm phân bò kiếm tiền mưu sinh - tập 650"	"423,226"	"4,452"	106		
"Tin vui, cho 2 vợ chồng đôi đũa lệch, bị mẹ chồng đuổi ra bụi ở, tặng ngôi nhà mơ ước - tập 669"	"422,476"	"4,967"	300		
"Xót thương, đôi vợ chồng già ngủ chuồng heo, ăn khoai, ăn lá cây, uống nước suối sinh tồn - tập 610"	"421,761"	"4,628"	232		
"CÔ GÁI xinh đẹp, ĂN NGỦ ở rừng, trong CĂN NHÀ mục nát - tập 1130"	"421,358"	"7,524"	319		
"MÓN ĂN của người nghèo, đắng lè lưỡi, ăn LÁ CÂY từ gốc đến ngọn - tập 991"	"421,157"	"6,248"	549		
"2 VỢ CHỒNG trẻ tuổi, ôm con chạy vô rừng TRÚ ẨN, trong CĂN NHÀ mục nát - tập 1105"	"417,646"	"6,905"	418		
"CHÍNH THỨC ông lão ở căn chòi rách te tua, dọn qua NHÀ MỚI - tập 1582"	"417,320"	"8,980"	"1,586"		
"XÂY DỰNG ước mơ cho người nghèo, CÂY CẦU số 3 - tập 1465"	"414,568"	"6,523"	486		
"PHONG TỤC KỲ LẠ, người MẸ qua đời, CHA bỏ nhà đi không trở về, bỏ lại 2 đứa trẻ MỒ CÔI - tập 713"	"413,700"	"6,022"	312		
"2 VỢ CHỒNG trẻ mồ côi, cứ ngỡ như là mơ, được tặng XE MÁY - tập 1491"	"413,088"	"7,648"	"1,079"		
"NGƯỜI CHỒNG vô tâm, bỏ 4 MẸ CON ở rừng, trú ẩn trong CĂN NHÀ ổ chuột - tập 1093"	"411,920"	"6,201"	330		
"CẢ XÓM xôn xao, 2 cha con NGƯỜI RỪNG bị CHÓ DẠI tấn công, ai cũng TÁ HỎA - tập 845"	"410,226"	"6,356"	846		
"ÔNG CỤ tuổi 96 khỏe như trai trẻ, bất ngờ LÃNH THƯỞNG, trúng xổ số - tập 1609"	"408,420"	"5,508"	595		
"MÓN QUÀ trong giấc mơ, Mẹ mất, Cha bỏ đi, 2 CHỊ EM dắt nhau ẩn cư trong rừng - tập 1160"	"404,485"	"5,377"	239		
"ĂN LÁ đu đủ, đắng LE LƯỠI, mà cứ NGỠ đang ăn thịt bò DUBAI - tập 1126"	"404,336"	"6,729"	415		
"XÓT THƯƠNG nhìn bà con GÙI MÍT, vượt đèo, lội suối, mang về BẢN LÀNG bán rẻ bèo - tập 1090"	"403,322"	"4,878"	305		
"2 VỢ CHỒNG nghèo ở rừng, trong CĂN NHÀ dột nát, ăn LÁ CÂY để sống - tập 1437"	"403,311"	"5,210"	307		
"NGƯỜI RỪNG bất ngờ nhận được MÓN QUÀ lớn, cả xóm ai cũng vui mừng - tập 749"	"402,939"	"5,975"	702		
"LỤM ĐÁ xây nhà, cả gia đình ăn nhín, nhịn ăn, xây dựng nơi TRÚ ẨN trong rừng - tập 1129"	"401,972"	"6,213"	430		
"CẢ GIA ĐÌNH chăn cừu mướn, ở trong CĂN NHÀ mục nát, bữa đói, BỮA NO - tập 1239"	"400,322"	"5,656"	311		
"TẬN CÙNG của nổi khổ, CẢ GIA ĐÌNH sống trong rừng, ĂN ở như bộ tộc CỔ XƯA - tập 970"	"397,995"	"5,382"	334		
"BẠC PHẬN, cô gái bị chồng ruồng bỏ, 2 MẸ CON chạy vô rừng ở - tập 1320"	"397,330"	"5,605"	295		
"THĂM NHÀ em bảo, 7 anh chị em ở trong căn nhà CŨ NÁT - tập 1731"	"395,900"	"6,341"	523		
"Hai vợ chồng già sống ẩn cư trong rừng, bật khóc vì bất ngờ được tặng số tiền lớn - tập 658"	"395,881"	"5,375"	242		
"Ba mẹ con sống trong căn nhà rách nát, tồi tàn, tơi tả trong khu rừng rậm - tập 543"	"392,128"	"5,747"	358		
2 VỢ NGHÈO sống tạm bợ trong CĂN NHÀ cũ nát - tập 1546	"390,570"	"6,126"	421		
"THỬ LÒNG người nghèo, xin TIỀN và cái kết BẤT NGỜ - tập 1397"	"390,215"	"5,788"	594		
Cuộc sống cơ cực của thiếu nữ xinh đẹp miền núi ước mơ được trở thành cô giáo - tập 491	"389,936"	"4,188"	157		
KẺ GIẤU MẶT lên núi bắt dê LẤY TIỀN của người nghèo khổ - tập 1811	"389,898"	"7,207"	712		
"VÙNG NÚI khắc nghiệt, chó ăn đá, gà ăn sỏi, NẮNG CHÁY da người - tập 976"	"387,987"	"5,018"	235		
"ÔNG BÀ lão đáng thương, ăn ngủ ở trong rừng, có gì ăn nấy, bữa đói BỮA NO - tập 1369"	"387,750"	"4,585"	217		
"BỎ LÀNG lên núi ở, chỉ vì không có nhà VỆ SINH, khổ tận cùng - tập 1224"	"386,903"	"5,904"	293		
"2 MẸ CON, ăn ngủ ở rừng, gặp 2 CON CỌP, to khổng lồ - tập 1241"	"386,863"	"5,159"	192		
"THỬ LÒNG xin tiền bà lão nhặt ve chai, và cái kết ấm ấp TÌNH NGƯỜI - tập 1430"	"386,746"	"4,561"	261		
"2 VỢ CHỒNG dắt nhau vào rừng ở, ĂN NGỦ trong căn nhà, nhiều RẮN TO - tập 1086"	"386,378"	"4,972"	230		
ÔNG BÀ CỤ vui mừng hơn TRÚNG XỔ SỐ vì được MTQ ở MỸ về tặng ngôi nhà MƠ ƯỚC - tập 844	"385,359"	"6,541"	327		
"VƯỢT KHÓ đưa đường ống lên THÁC NƯỚC cao, kéo nước về BẢN LÀNG - tập 876"	"385,273"	"7,297"	581		
"2 MẸ CON ăn ngủ trong CĂN NHÀ rách nát, ƯỚC MƠ 1 ngày 2 bữa ăn - tập 1052"	"384,978"	"6,206"	527		
"THAY ĐỔI diện mạo mới cho NGƯỜI RỪNG, mấy chục năm, mới có một lần - tập 751"	"384,653"	"7,674"	745		
"CON GÁI bỏ rơi MẸ trong rừng, ĐÓI KHỔ không có cơm gạo, ăn CÁM để tồn tại - tập 1012"	"383,922"	"6,593"	606		
"TỪ NAY về sau, cả xóm làng nghèo đã có NƯỚC SẠCH - tập 1431"	"383,388"	"6,967"	376		
"NHẶT LẠI đồ bỏ, bới đất tìm từng miếng ăn - tập 1330"	"382,307"	"4,706"	238		
Vượt 800km giải cứu khẩn cấp 2 chú chó khổng lồ bị nhốt lâu năm - tập 398	"382,276"	"5,081"	675		
"BÔNG HOA XINH ĐẸP nhất miền núi, bị chồng bỏ vì điều này, câu chuyện XÚC ĐỘNG đầy nước mắt - tập 704"	"382,257"	"5,220"	286		
"MÓN ĂN quý như VÀNG của người nghèo, nằm ở dưới LÒNG ĐẤT - tập 1666"	"378,898"	"6,228"	603		
"BÀ LÃO lạc trong rừng, ĂN Ở một mình, không nơi NƯƠNG TỰA - tập 1065"	"378,268"	"5,276"	339		
"TẬN CÙNG của sự nghèo khổ, BỮA ĐÓI, bữa no, kiếm từng BỮA CƠM để TỒN TẠI - tập 1177"	"378,227"	"6,674"	519		
"2 MẸ CON cứ ngỡ là giấc mơ, trao tặng chiếc xe CÂU CƠM - tập 1488"	"378,069"	"5,961"	411		
TẢ HỎA rắn hổ mang KHỔNG LỒ bò vô nhà LÈ LƯỠI ôm người PHỤ NỮ lúc nửa đêm - tập 987	"377,435"	"4,666"	344		
"ĂN NGỦ trong rừng, ăn KHOAI thay CƠM, uống nước suối, ở CĂN NHÀ mục nát - tập 1022"	"376,642"	"5,668"	292		
"Bà cụ neo đơn sống với con heo, không có cơm ăn, chỉ ăn bắp sống qua ngày - tập 147"	"375,521"	"2,969"	232		
"Hai vợ chồng nghèo chui vô tận trong rừng sâu sinh sống, kiếm cây lá rừng ăn - tập 549"	"375,199"	"4,663"	147		
Mồ côi cha mẹ cô bé 9 tuổi nhặt phân bò bán kiếm tiền đi học trang trải cuộc sống khó khăn - tập 494	"375,024"	"4,956"	251		
"KỲ LẠ gia đình nghèo, có đôi MẮT XANH đẹp lung linh - tập 1494"	"374,662"	"5,025"	307		
"THAY ĐỔI cuộc đời sau 1 đêm THỨC GIẤC, cứ ngỡ là trong GIẤC MƠ - tập 1133"	"373,937"	"8,953"	603		
"MÓN ĂN kỳ lạ của người nghèo ở trong RỪNG, ai nhìn thấy cũng NGAO NGÁN không dám ăn - tập 872"	"373,544"	"5,372"	226		
"MÓN ĂN cứu đói người nghèo, không phải ai cũng dám ăn, đắng LE LƯỠI - tập 1044"	"372,923"	"5,968"	592		
"KỲ LẠ ông lão trở về đòi lại 2 cái đèn MẶT TRỜI, con cháu TÁ HỎA bỏ chạy trong đêm - tập 854"	"372,269"	"6,425"	424		
LỜI TÂM SỰ nghẹn ngào của cô gái MIỀN TÂY sống trong BÃI RÁC - tập 1736	"371,277"	"5,810"	626		
SỰ THẬT ông lão sống trong căn chòi mục nát ĐÁNG THƯƠNG - tập 1583	"369,942"	"6,185"	743		
"MÍT RUỘT ĐỎ thơm ngon, LÁI BUÔN ép giá BÁN RẺ như cho, người dân VỨT BỎ hết - tập 928"	"369,155"	"4,113"	234		
Đi tìm tổ chim - phát hiện vùng đất hàng ngàn con vịt trời quý hiếm	"368,076"	"3,804"	396		
"Quay trở lại rừng thăm chú chó rừng đáng thương, cho ăn cơm và uống thuốc - tập 3"	"367,691"	"4,740"	936		
"GIA ĐÌNH nghèo sống biệt lập ở rừng, trong CĂN NHÀ mục nát - tập 1542"	"367,508"	"4,473"	257		
"VƯỢT ĐÈO, lội suối XÂY DỰNG cây cầu cho người nghèo - tập 1415"	"366,468"	"7,146"	632		
"Cụ bà sống trong căn nhà rách nát cùng với rắn rết, ruồi muỗi, chó gà, chuột kiến - tập 396"	"366,437"	"2,798"	168		
"Hai mẹ con sống trú ẩn ở nơi hẻo lánh hoang vu, trong ngôi nhà rách nát - tập 659"	"365,941"	"4,388"	219		
"CHÀNG TRAI nghèo mồ côi Cha Mẹ, sống trong CÁI LỀU làm từ RÁC THẢI - tập 1599"	"363,685"	"4,853"	464		
"VƯỢT NGÀN chông gai, đến với người nghèo, TẶNG QUÀ cho ân nhân - tập 1407"	"363,437"	"6,459"	456		
"CHÀNG TRAI nghèo mồ côi Cha Mẹ, được tặng nhà, TẶNG XE - tập 1617"	"362,842"	"5,732"	440		
"NỤ CƯỜI hạnh phúc, vượt đèo núi cao, HÁI MÍT bán rẻ như cho, mà không ai THÈM MUA - tập 1088"	"362,816"	"5,319"	352		
Khu người đồng bào nghèo bị lãng quên còn xót lại ở vùng núi hoang vu - tập 472	"362,790"	"3,988"	251		
"3 bé mồ côi bị lừa vào khách sạn, chủ khách sạn kiếm chuyện ngược đãi bé mồ côi - tập 575"	"362,050"	"3,746"	178		
Bí mật lớn của GÀ LANG THANG thiên đường dành cho những chú chó bất hạnh bị bỏ rơi - tập 430	"360,424"	"4,986"	246		
"3 đứa trẻ MỒ CÔI sống trong căn nhà RÁCH NÁT giữa rừng, nhìn 3 đứa ăn cơm mà XÓT XA - tập 718"	"360,034"	"4,312"	225		
"THƯƠNG NGƯỜI như thể thương thân, MÓN QUÀ quý báu dành TẶNG người nghèo - tập 1174"	"359,478"	"5,733"	328		
"Cụ bà đáng thương đi nhặt ve chai nuôi cháu ăn học, sống trong căn nhà như cái chuồng heo - tập 533"	"357,201"	"3,349"	174		
"ANH CHÀNG khờ, sống cực khổ, ăn ngủ ở rừng, NUÔI CHÓ làm bạn - tập 1234"	"356,300"	"4,972"	201		
"CÂY THUỐC quý hiếm, món quà trời ban TẶNG cứu người, nhưng không ai biết - tập 1294"	"353,623"	"4,637"	403		
"VÀO RỪNG ở, ăn ngủ trong CĂN NHÀ mục nát, có gì ĂN NẤY - tập 1035"	"353,050"	"5,167"	216		
"TẬN CÙNG của nỗi khổ, 2 vợ chồng ăn CÂY CỎ dại trong rừng, MÓN ĂN kỳ lạ - tập 855"	"352,356"	"5,232"	787		
"Xúc động, người phụ nữ vượt 20.000km leo lên núi thăm cụ bà và con heo rừng - tập 615"	"351,183"	"4,243"	267		
PHÁT HIỆN người tí hon trú ẩn TẠM BỢ trong căn chòi rách - tập 1614	"351,056"	"4,687"	315		
"CẢ LÀNG chìm trong biển nước, cứu trợ KHẨN CẤP mùa mưa LŨ LỤT - tập 1572"	"349,224"	"3,779"	261		
"HÀNH TRÌNH vượt đèo, lội suối đi tìm người ĐÀN ÔNG sống ẨN DANH trên đỉnh NÚI CAO - tập 911"	"348,092"	"4,520"	254		
"KỲ TÍCH, thằng bé NGƯỜI RỪNG con trai của trời, vượt qua kiếp nạn lớn - tập 734"	"347,916"	"4,121"	216		
"2 VỢ CHỒNG trẻ tuổi nghèo, ăn ngủ ở rẫy rừng, trong CĂN CHÒI cũ nát - tập 1677"	"346,971"	"4,152"	174		
"ÔNG BÀ LÃO sống tạm bợ ở trong rừng, có gì ăn nấy, bữa đói BỮA NO - tập 1565"	"346,794"	"4,718"	334		
"ÔNG LÃO ở trong hang đá, trên ngọn núi cao, sống chung với RẮN - tập 1062"	"346,459"	"5,757"	740		
Đi vào rừng tìm kiếm bộ tộc nghèo sống ẩn danh trong rừng cách biệt với thế giới bên ngoài - tập 561	"346,258"	"4,575"	209		
"VỢ bỏ chồng, con bỏ CHA, người đàn ông sống tạm bợ trong CÁI LỀU rách nát - tập 894"	"344,252"	"4,365"	285		
"ĐÔI ĐŨA LỆCH chàng trai trẻ đẹp, lấy người vợ già, tình yêu ĐẶC BIỆT - tập 1650"	"344,027"	"4,107"	243		
GÀ LANG THANG lấy 2 con bò đổi 1 con chó của 3 bé gái mồ côi - tập 456	"343,251"	"3,260"	172		
"ĂN NGỦ ở trong rừng, cuộc sống KHẮC NGHIỆT, thiếu thức ăn, hụt NƯỚC UỐNG - tập 1036"	"343,225"	"4,919"	394		
"KỲ LẠ, người phụ nữ sống ẨN CƯ trong rừng, cho TIỀN không dám lấy, chỉ vì lý do này - tập 708"	"341,199"	"4,574"	168		
"TẬN CÙNG của nỗi khổ, ăn ngủ ở CĂN NHÀ nứt vách, BỮA ĐÓI, bữa no - tập 1245"	"341,101"	"4,635"	440		
"2 VỢ CHỒNG trẻ, mồ côi cha lẫn mẹ, đã có NƯỚC SẠCH - tập 1487"	"341,011"	"6,843"	723		
"BẤT NGỜ trúng xổ số, gà lang thang TẶNG hết cho người nghèo - tập 1602"	"339,742"	"5,729"	507		
"TÁ HỎA cả xóm ai cũng xôn xao chạy đến xem, CHÀNG TRAI bị tấn công giữa đêm khuya - tập 773"	"339,692"	"4,730"	368		
"NGÔI LÀNG nhỏ sống biệt lập ở rừng, nhà tuy nghèo, nhưng đông con - tập 1101"	"339,487"	"5,674"	319		
"TIN VUI, 2 vợ chồng trẻ mồ côi, đào củ sâm quý, kiếm TIỀN TRIỆU mỗi ngày - tập 1495"	"339,292"	"5,563"	539		
Hành trình xây dựng ngôi nhà cho NGƯỜI RỪNG giữa TRỜI MƯA giông bão - tập 801	"339,276"	"6,525"	540		
"TẬN CÙNG, ăn ngủ ở CĂN NHÀ mục nát, BÒ LẾCH lượm phân đổi gạo ăn - tập 1223"	"338,127"	"4,681"	336		
"Người chồng suốt ngày làm chuyện này với vợ, người vợ hoảng sợ nửa đêm bỏ trốn lên núi - tập 694"	"337,309"	"4,739"	153		
"ÔNG LÃO sống trong NGÔI NHÀ kế bên NGHĨA ĐỊA, đêm nào cũng có NGƯỜI ÂM ghé thăm - tập 804"	"337,027"	"5,072"	315		
"SỬA XE miễn phí cho người nghèo, MÓN QUÀ chưa từng có ở RỪNG - tập 1399"	"335,193"	"5,118"	415		
"GÀ LANG THANG ôm nợ, mua xe MÁY ĐÀO, giúp đỡ người nghèo - tập 1474"	"334,703"	"6,347"	630		
"TẬN CÙNG đói khổ, 3 MẸ CON ở trong CĂN NHÀ mục nát, bữa đói BỮA NO - tập 1067"	"334,700"	"5,078"	226		
"TẶNG DÊ cho người nghèo, 2 vợ chồng MIỀN TÂY ở trong rừng ĐỔI ĐỜI - tập 1540"	"333,565"	"5,058"	311		
"TẶNG QUÀ lớn bất ngờ cho người nghèo, 2 VỢ CHỒNG cứ ngỡ là giấc mơ - tập 1286"	"333,368"	"4,956"	231		
"3 BÀ CHÁU sống tạm bợ trong hang đá kiếm CƠM, có cái gì, ăn CÁI NẤY - tập 1071"	"333,209"	"5,125"	245		
"MỦI LÒNG cô gái vừa làm mẹ, vừa làm cha, GỒNG GÁNH nuôi cả gia đình - tập 1585"	"331,818"	"5,117"	553		
"MƯA BÃO, vẫn không lùi bước, XÂY DỰNG ước mơ, TỔ ẤM cho người nghèo - tập 815"	"331,784"	"6,058"	374		
MÙNG 1 TẾT leo lên đỉnh núi cao giúp đỡ VỢ CHỒNG người rừng - tập 1661	"331,710"	"4,468"	442		
"TẬN CÙNG của sự nghèo khổ, những ĐỨA BÉ thiếu ăn, TRÚ ẨN trong khu rừng - tập 879"	"331,535"	"4,542"	305		
"CÔ GÁI lấy nhầm chồng, bỏ mặc 2 MẸ CON đói khổ trong RỪNG, bữa đói, bữa no - tập 955"	"331,498"	"4,685"	223		
"ĂN NGỦ ở trong rừng, VÙNG ĐẤT nóng cháy da người, thiếu CƠM, hụt NƯỚC - tập 1045"	"330,823"	"5,335"	396		
"Kẻ xấu hăm dọa sẽ đập phá ngôi nhà của 2 vợ chồng đôi đũa lệch, vì lý do này - tập 693"	"330,637"	"5,145"	380		
"Vượt 800 cây số, xuyên đêm giải cứu các chú chó đáng yêu về gia đình nhỏ - tập 337"	"330,579"	"4,778"	404		
"ĐỘC LẠ người đàn ông NUÔI CHÓ bằng CHUỐI, DỪA không phải ai cũng biết - tập 907"	"330,331"	"3,930"	266		
"Hành trình đưa món quà yêu thương vào rừng sâu, cứu trợ người rừng sống biệt lập trên núi - tập 656"	"329,486"	"3,590"	212		
"GÁNH QUÀ lên núi cao, CỨU TRỢ 2 cha con bệnh tật, ĂN NGỦ trong rừng - tập 1077"	"329,246"	"5,546"	478		
"THU HOẠCH hạt giống ân nhân, thay đổi tương lai, ai cũng BẤT NGỜ - tập 1376"	"328,938"	"4,715"	276		
"ĂN BẮP thay cơm, bữa ăn của người nghèo, trong CĂN NHÀ mục nát - tập 1452"	"328,716"	"3,871"	383		
"Khám phá núi rừng, một mình đi vào rừng sâu, gặp nhiều động vật hoang dã - tập 128"	"328,475"	"4,483"	382		
"MÓN ĂN cứu đói, 28 năm ĂN NGỦ trong rừng, ở CĂN NHÀ mục nát GIÓ BAY - tập 1050"	"328,152"	"4,596"	249		
"MẸ MẤT sớm, cha bỏ đi, để lại 2 đứa trẻ MỒ CÔI, sống nương tựa vào nhau - tập 1230"	"328,080"	"5,092"	185		
"Hai vợ chồng già sống trong căn nhà rách nát, ăn lá cây rừng để sinh sống - tập 506"	"327,799"	"3,367"	151		
"Gia đình nghèo đông con sống biệt lập trên núi, xúc động vì có người đến nhà thăm - tập 545"	"326,726"	"3,754"	168		
"ĐI TÌM nguồn nước sạch cho người nghèo, vui như ngày TẾT - tập 1329"	"326,282"	"6,361"	627		
"Cả gia đình, ĂN NGỦ trong chuồng bò, lụm RÁC THẢI đổi gạo ăn - tập 1116"	"325,647"	"5,117"	308		
"GÀ MÁI nuôi con, cô gái lấy nhầm kẻ PHỤ TÌNH, bỏ vợ con - tập 1293"	"325,346"	"4,160"	182		
"VƯỢT ĐÈO chông gai, đi tìm TƯƠNG LAI cho người nghèo - tập 1502"	"324,838"	"5,547"	599		
TIN VUI cho cô gái MIỀN TÂY sống ở trong BÃI RÁC - tập 1738	"323,751"	"6,352"	475		
"Đi tìm tổ chim, sơn ca, dã ca, chích chòe than đất và chia sẻ kinh nghiệm tìm tổ chim rất dễ dàng"	"323,284"	"2,609"	601		
"TẬN CÙNG của nỗi khổ, 4 MẸ CON sống tạm bợ trong CĂN NHÀ mục nát - tập 1272"	"323,013"	"4,437"	194		
"HAI TÍ gà trống nuôi con, BẤT NGỜ nhận MÓN QUÀ lớn từ các MTQ - tập 1168"	"322,354"	"6,393"	747		
"KHỔ TẬN cùng, 2 vợ chồng, ăn ngủ ở rừng, trong CĂN NHÀ xiêng xẹo mục nát - tập 1263"	"320,865"	"4,124"	249		
"3 MẸ CON, không có nhà ở, ăn nhờ Ở ĐẬU, khổ tận cùng - tập 1238"	"320,687"	"4,565"	171		
"KHÔNG LÙI BƯỚC, vượt hàng trăm cây số, GÁNH QUÀ lên vùng núi cao tặng người nghèo - tập 703"	"318,769"	"4,663"	266		
"CÔ GÁI ở trong rừng, ăn MÓN ĂN này để vượt qua CƠN ĐÓI - tập 1110"	"318,394"	"4,991"	279		
"HÀNH TRÌNH kiệt sức, vượt đèo, dốc đá, trao gửi YÊU THƯƠNG - tập 1092"	"318,392"	"5,739"	483		
"CẢM XÚC dâng trào, 2 cha con NGƯỜI RỪNG nhận quà yêu thương - tập 759"	"317,009"	"5,135"	449		
"MÙNG 1 TẾT, đi tìm 2 vợ chồng, sống ẩn cư như NGƯỜI RỪNG trên đỉnh núi cao - tập 1281"	"316,944"	"5,027"	496		
"THUNG LŨNG đẹp lung linh, nơi hẻo lánh, vùng đất của NGƯỜI NGHÈO ẩn cư - tập 767"	"316,634"	"5,341"	210		
"Người phụ nữ sống cô độc trong rừng, vùng đất khắc nghiệt chó ăn đá, gà ăn sỏi - tập 672"	"316,619"	"3,756"	133		
"CẢ GIA ĐÌNH ở nơi hẻo lánh, ĂN LÁ, ăn bông đu đủ, món ăn đắng LÈ LƯỠI - tập 1249"	"316,156"	"3,959"	190		
"CỨ NGỠ là giấc mơ, cả cuộc đời ở trong rừng, lần đầu tiên được người lạ TẶNG QUÀ - tập 1143"	"314,559"	"5,946"	275		
"BỮA ĂN của người nghèo, món ăn LÁ CÂY, không phải ai cũng DÁM ĂN - tập 1292"	"314,350"	"3,595"	163		
"ƯỚC MƠ được đi học, nghèo MÙ CHỮ, không có VIỆC LÀM - tập 1473"	"314,220"	"4,224"	217		
"TRÁI CÂY rừng, bán rẻ như cho, THƯƠNG LÁI ép giá, nông dân không có GẠO ĂN - tập 1017"	"314,075"	"6,062"	525		
"20 NĂM sống trú ẩn trong RỪNG, ăn ở như NGƯỜI RỪNG, cơm gạo không có ăn - tập 953"	"314,001"	"4,738"	182		
"Ở ẨN trong rừng, thiếu CƠM, hụt nước, làm việc KIỆT SỨC vẫn không đủ ăn - tập 1048"	"313,261"	"5,001"	282		
"VÙNG ĐẤT khắc nghiệt, chó ăn đá, gà ăn sỏi, NẮNG cháy da người, nước quý như VÀNG - tập 1007"	"312,783"	"5,235"	355		
"CỖ MÁY chạy bằng cơm, giúp người nghèo xây dựng TỔ ẤM - tập 1697"	"312,762"	"4,625"	382		
KHỎE NHƯ TRÂU 2 người phụ nữ vác 2 gùi CHUỐI CỦI ai nhìn thấy cũng BÁI PHỤC - tập 932	"310,610"	"4,004"	191		
"Gia đình bất hạnh, mẹ bị mù, hai đứa con hoá điên, ăn thịt gà sống, ai cũng khiếp sợ - tập 477"	"309,118"	"2,827"	183		
"17 NĂM, ăn ngủ trong rừng, lụm PHÂN đổi GẠO, ở CĂN NHÀ mục nát - tập 1040"	"309,051"	"4,879"	246		
"THẮP SÁNG yêu thương, VƯỢT ĐÈO lội suối, xây dựng ƯỚC MƠ - tập 1024"	"308,439"	"6,690"	608		
"HỒNG NHAN bạc phận, HOA HẬU tương lai, sống trong cảnh nghèo khổ - tập 1269"	"307,634"	"4,480"	236		
"ĐỨA BÉ thông minh, không biết CHA là ai, sống lang thang, lượm phân bò đổi GẠO ĂN - tập 882"	"307,226"	"6,325"	252		
"ANH CHÀNG cà lăm, rời xa VỢ CON, lên núi ẩn cư, đi tìm kiếm từng BỮA ĂN - tập 1209"	"306,751"	"4,627"	210		
Bí ẩn cụ bà tóc bạc trắng sống một mình ẩn danh trên núi không một ai lui tới - tập 538	"306,440"	"3,914"	196		
"3 BÀ CHÁU dắt nhau vô rừng ở TRÚ ẨN, trong ngôi nhà RẮN - tập 1087"	"306,082"	"6,292"	476		
"ÔNG LÃO ngủ chung với GÀ, sống trú ẩn trong rừng, có gì ăn nấy, bữa đói, BỮA NO - tập 982"	"305,605"	"5,100"	184		
Cụ bà sống cùng con heo rừng ẩn danh trên núi vui mừng rớt nước mắt vì được tặng quà - tập 489	"305,288"	"3,959"	204		
"BÀ LÃO chăn trâu ở đồi núi, sống trong CĂN NHÀ rách nát te tua - tập 1433"	"305,178"	"4,306"	491		
"GÁI KHỜ đáng thương, ĂN NGỦ ở rừng, trong CĂN NHÀ xiêng xẹo - tập 1213"	"304,220"	"3,968"	158		
"VIỆT KIỀU mỹ, ăn lá ĐU ĐỦ đặc sản của người nghèo, đắng LE LƯỠI - tập 1612"	"304,183"	"4,961"	330		
Hành trình giải cứu chú chó rừng đáng thương đưa về nhà chữa bệnh - tập 4	"304,172"	"5,224"	692		
"HIẾU THẢO cô gái nghèo, gánh cả gia đình, kiếm từng BỮA CƠM - tập 1445"	"303,949"	"4,324"	193		
"TUYỆT VỜI, gia đình nghèo khổ, ăn ở SẠCH SẼ, nhất núi rừng - tập 1247"	"302,981"	"4,267"	202		
"Lạc vào nơi trú ẩn của người rừng, bất ngờ phát hiện thác nước đẹp lung linh - tập 657"	"302,793"	"3,844"	272		
"Bộ tộc nghèo sống ẩn danh trên núi, ăn bắp, ăn khoai mì, ước mơ được ăn cơm - tập 565"	"302,211"	"3,273"	139		
"HÀNH TRÌNH kiệt sức, té xỉu giữa đường, mang vác MÓN QUÀ cứu trợ vào rừng - tập 1148"	"301,869"	"7,774"	537		
"HÀNH TRÌNH mang niềm vui đến người nghèo, rinh vác nhu yếu phẩm lên đỉnh NÚI CAO - tập 915"	"301,755"	"4,863"	389		
"'' Chị Mặt Bướu "" đã tỉnh dậy sau ca phẫu thuật kéo dài 10 tiếng, ngủ mê 24 tiếng - tập 579"	"301,622"	"4,483"	663		
"NIỀM VUI nhân đôi, cô gái xinh đẹp được cứu sống, thay đổi TƯƠNG LAI - tập 1226"	"301,468"	"4,413"	290		
"ÉO LE cuộc tình, chồng chê vợ xấu, da đen, đi tìm GÁI LẠ da trắng - tập 1207"	"301,330"	"5,452"	233		
"LẠC ĐƯỜNG, gà bị lạc trong khu rừng hoang vu, nơi u ám ĐÁNG SỢ không ai dám đến - tập 702"	"301,301"	"3,943"	120		
"CHÀNG TRAI bị vợ chê nghèo bỏ rơi, sống trong CÁI CHÒI không vách - tập 1607"	"300,264"	"4,592"	362		
Mang lương thực vào tận rừng sâu vực thẳm giúp đỡ gia đình người rừng - tập 499	"300,110"	"4,573"	266		
"Xót thương, người và thú vật sống chung một ngôi nhà rách nát, cơm không đủ ăn - tập 564"	"298,679"	"3,669"	148		
"Người chồng bỏ vợ theo gái, để lại 4 đứa con thơ, sống trong căn nhà mục, rách nát - tập 684"	"298,540"	"3,769"	145		
"NHÀ SẠCH thì mát, bát sạch hết CƠM, chị gái nghèo ở sạch nhất - tập 1232"	"297,570"	"4,131"	173		
"CĂN NHÀ dột nát của người nghèo, nằm ở dưới THUNG LŨNG đồi núi - tập 1429"	"297,358"	"5,159"	390		
"2 VỢ CHỒNG trẻ nghèo ở rẫy rừng, nhiều năm chưa được bữa CƠM NGON - tập 1794"	"297,017"	"4,239"	242		
"VÙNG ĐẤT khô cằn, nắng cháy da người, nơi mà những NGƯỜI GIÀU không ai bước đến - tập 796"	"297,006"	"4,556"	272		
"Vợ chồng, đôi đũa lệch, rớt nước mắt vì bất ngờ nhận được số tiền lớn - tập 673"	"296,878"	"4,348"	269		
"QUYẾT TÂM thay đổi cuộc sống mới cho người nghèo, ƯỚC MƠ đã thành SỰ THẬT - tập 1464"	"295,997"	"5,849"	490		
"ĂN BẮP thay cơm, BÀ GIÀ ở trong rừng, có gì ăn nấy, sống trong CĂN NHÀ rách tả tơi - tập 1004"	"295,646"	"4,772"	247		
"BỮA CƠM nghèo nhất, ăn lá, ĂN CÂY, để duy trì sự sống - tập 1141"	"292,760"	"5,162"	233		
"CĂN NHÀ mục nát ở trên đỉnh núi, nơi KIẾM CƠM của người nghèo - tập 1541"	"290,728"	"4,238"	336		
"NƠI Ở khắc nghiệt, chó ăn đá, gà ăn sỏi, LƯỢM PHÂN đổi gạo ăn - tập 1221"	"290,589"	"4,931"	325		
"3 MẸ CON ở trong CĂN NHÀ mục nát, ăn LÁ CÂY uống NƯỚC SUỐI để tồn tại - tập 1060"	"289,939"	"4,653"	199		
"CÔ GÁI xinh đẹp nhất miền núi, sống ở ẩn trên núi - tập 1345"	"289,787"	"4,897"	251		
"2 ĐỨA TRẺ mồ côi CHA sống giữa rừng, ĂN BẮP thay cơm, ai nhìn thấy cũng XÓT XA - tập 870"	"289,596"	"4,801"	221		
"Sự thật BẤT NGỜ, cô gái miền núi, đã làm mất một số TIỀN lớn, chỉ vì lý do này - tập 720"	"289,581"	"4,735"	347		
"3 MẸ CON bị người chồng, người cha L.Ừ.A, ở trong rừng gồng gánh NUÔI CON - tập 1387"	"289,576"	"3,840"	240		
"VƯỢT NGÀN chông gai đến với người nghèo, MÓN QUÀ của ân nhân - tập 1486"	"289,525"	"6,479"	587		
"ÔNG LÃO trú ẩn trong căn nhà hoang, bị kẻ lạ mặt mò đến lúc nửa đêm - tập 769"	"289,322"	"5,071"	776		
SỰ THẬT bất ngờ về bốn mẹ con ở trong CÁI LỀU rách - tập 1641	"288,311"	"4,352"	"1,168"		
"Ở ẨN trên đỉnh núi cao, nơi đẹp LUNG LINH, ai nhìn thấy cũng MƠ ƯỚC - tập 1080"	"288,063"	"4,740"	298		
"ĂN LÁ CÂY thay cơm gạo, MÓN ĂN ngậm đắng nuốt cay, đắng LÈ LƯỠI - tập 1010"	"287,793"	"4,627"	367		
"CÔ GÁI mồ côi cha mẹ, chạy vô rẫy rừng, trú tạm trong căn chòi CHẮP VÁ - tập 1742"	"287,294"	"4,041"	243		
"SÓNG GIÓ đã qua, vợ chồng ĐÔI ĐŨA LỆCH đã hoàn thành ngôi nhà mơ ước, kết thúc tốt đẹp - tập 717"	"287,274"	"4,790"	257		
"Rớt nước mắt, con người đã khổ, con vật còn khổ hơn - tập 418"	"286,220"	"3,220"	357		
"NIỀM VUI nhân đôi, 2 vợ chồng trẻ rớt nước mắt, vì được TẶNG ngôi nhà mơ ước - tập 1235"	"286,179"	"4,612"	438		
"NIỀM VUI hạnh phúc, cả GIA ĐÌNH ở trong CĂN NHÀ mục nát, bỗng hóa ƯỚC MƠ - tập 1203"	"285,190"	"4,699"	252		
"XÚC ĐỘNG nghe lời kể của BÀ GIÀ khiến hàng triệu TRÁI TIM nín thở, rơi nước mắt - tập 1001"	"284,877"	"6,052"	660		
"MÓN QUÀ vô giá trao tặng ÔNG BÁC nghèo, lần đầu mặc ÁO MỚI - tập 1613"	"283,138"	"4,997"	453		
"Cô bé mất đi sống lại 7 lần, gia đình nhận số tiền lớn để đưa bé vào bệnh viện Sài Gòn - tập 556"	"282,721"	"2,978"	203		
"KHÓ THỞ cô gái cầu cứu, TẬN CÙNG của nỗi đau, ở chung với heo - tập 1117"	"282,341"	"5,610"	369		
"HẺO LÁNH, có 2 vợ chồng sống ẩn cư, ở cách biệt với XÃ HỘI - tập 1342"	"282,017"	"3,845"	156		
"NGHỊ LỰC sống mạnh mẽ của người nghèo khổ, ở nơi HẺO LÁNH xa tận cùng - tập 1341"	"281,470"	"4,080"	193		
"CÁI LỀU rách rưới, che chở người nghèo, 10 năm ở NÚI RỪNG - tập 1693"	"279,716"	"4,027"	223		
"Giải cứu chú chó bị xiềng xích, niềm vui và hạnh phúc khi chú chó được thả tự do - tập 327"	"279,651"	"6,761"	746		
"MẸ KHỔ vì con, một mình sống trong rừng, ĂN LÁ CÂY để tồn tại - tập 1388"	"279,309"	"3,477"	220		
"TẬN CÙNG của nỗi khổ, ăn CƠM với MUỐI ỚT, ở trong CĂN NHÀ mục nát - tập 1167"	"279,188"	"5,075"	510		
"ANH CHÀNG người kinh, bị cả gia đình TỪ MẶT bỏ rơi, vì lấy vợ khác DÂN TỘC - tập 1307"	"279,080"	"4,704"	273		
"Rớt nước mắt, cha mẹ ly hôn bỏ lại 2 chị em gái vất vả kiếm cơm nuôi cụ bà 102 tuổi - tập 570"	"278,409"	"4,137"	216		
"THÀNH QUẢ kéo nguồn nước sạch cho người nghèo, trồng trọt CHĂN NUÔI - tập 1749"	"278,288"	"4,685"	381		
"Người đàn ông bỏ hết vợ con lên rừng sống ẩn cư, chế tạo chiếc xe độc lạ - tập 671"	"277,933"	"3,382"	121		
"VƯỢT NGÀN chông gai đến với người nghèo, trao tặng chiếc XE MÁY - tập 1519"	"277,670"	"4,532"	364		
"NGƯỜI ĐÀN BÀ ăn nhờ Ở ĐẬU trong căn nhà RÁCH NÁT, ăn lá CÂY RỪNG duy trì sự sống - tập 968"	"276,982"	"3,796"	103		
"TẬN CÙNG của nỗi khổ, người đàn ông khuyết tật, KHÓC ÒA vì gặp ÔNG BỤT - tập 1326"	"276,575"	"5,171"	451		
"CĂN NHÀ rách tả tơi, nằm giữa núi rừng, nơi TRÚ ẨN của người nghèo - tập 1454"	"275,641"	"3,645"	292		
"BẤT NGỜ theo chân bốn mẹ con ở trong CÁI LỀU rách, về đến LÀNG - tập 1636"	"274,779"	"3,684"	297		
HẠT GIỐNG ân nhân đã cho QUẢ NGỌT niềm vui và HẠNH PHÚC - tập 1667	"274,700"	"4,445"	437		
"MÓN QUÀ cứu trợ ÔNG BÀ già, ăn ngủ trong rừng, ở CĂN NHÀ mục nát - tập 1063"	"274,621"	"4,330"	265		
"Người đàn bà BÍ ẨN sống biệt lập trong rừng, ai nhìn thấy cũng xa lánh - tập 752"	"273,828"	"3,495"	184		
"PHÉP MÀU đã xảy ra, cô gái bỗng nhiên XINH ĐẸP, sau 18 năm mang gương mặt xấu xí - tập 779"	"273,220"	"5,208"	412		
"Con đánh cha, đuổi cha già sống vất vả trên núi, ăn bờ, ngủ bụi không nơi nương tựa - tập 652"	"272,800"	"5,150"	271		
2 MẸ CON sống tạm bợ ở CĂN NHÀ mục nát KIẾM CƠM - tập 1526	"272,461"	"3,644"	182		
"Hai vợ chồng câm điếc, khờ khạo, không cha mẹ, người thân, sống ẩn danh trong rừng núi - tập 495"	"272,192"	"3,318"	132		
"Rượt đuổi theo người buôn chim, giành giật lại sự sống 763 sinh mạng đưa đi giết mổ - tập 392"	"272,187"	"2,108"	222		
"THÀNH QUẢ bất ngờ, hạt giống ân nhân đã nảy mầm XỨNG ĐÁNG - tập 1501"	"271,503"	"5,148"	409		
"NGƯỜI RỪNG nhận MÓN QUÀ hiếm có, cả xóm ai cũng xao xôn chạy đến xem - tập 753"	"271,219"	"4,681"	461		
Cụ bà sống với con heo rừng ẩn danh trên núi bị lừa lấy hết tiền - tập 463	"271,026"	"3,186"	231		
"Đi rừng bắt được 1 con chó sói rừng, chó mẹ bỏ chạy bỏ lại con - tập 311"	"270,976"	"4,843"	443		
"LÀM ĐƯỜNG giúp đỡ người nghèo, xây dựng ước mơ, giúp người VƯỢT KHÓ - tập 1512"	"270,831"	"4,935"	365		
"3 ĐỨA TRẺ thơ dại, 2 năm mới được ăn MÌ TÔM, ai nhìn thấy cũng MỦI LÒNG - tập 868"	"269,765"	"4,696"	227		
THÀNH QUẢ của ân nhân khi giúp đỡ người nghèo THAY ĐỔI - tập 1483	"269,352"	"4,616"	329		
"CƯỜI ra nước mắt, người ĐÀN ÔNG có biểu hiện KỲ LẠ, khiến cả làng xóm CƯỜI rớt HÀM RĂNG - tập 956"	"269,290"	"4,043"	408		
"3 MẸ CON sống trong CĂN NHÀ mục nát, nửa đêm RẮN vô nhà, ai thấy cũng NÍN THỞ - tập 1109"	"268,453"	"4,910"	243		
"CẢM XÚC dâng trào, vui như ngày TẾT, cả gia đình BẤT NGỜ nhận món quà CỨU ĐÓI - tập 914"	"267,336"	"4,640"	202		
"2 MẸ CON ở trong căn nhà nhỏ xíu, GIÓ THỔI bay lúc nào không hay - tập 1268"	"267,309"	"3,726"	163		
"CỤ BÀ sống trong ngôi nhà RÁCH NÁT te tua, BỆNH TẬT ai nhìn thấy cũng XA LÁNH - tập 883"	"267,164"	"4,756"	269		
"Người đàn ông đưa cả đàn chó lên núi cao sống ẩn cư, tấm lòng vàng hiếm có - tập 663"	"267,074"	"3,625"	108		
"ĐÊM KHUYA cụ bà 100 tuổi, CÔ ĐỘC ngồi giữa ĐỒI NÚI hiu quạnh - tập 798"	"266,484"	"5,944"	503		
"Chạm đến ƯỚC MƠ, cậu bé bán VÉ SỐ, sống LANG THANG, hóa GIẤC MƠ thành SỰ THẬT - tập 818"	"266,258"	"5,565"	448		
"2 CHA CON ở trong rừng, được ÂN NHÂN tặng căn nhà mới - tập 1535"	"265,569"	"5,364"	319		
"Người ĐÀN ÔNG ở trong NGHĨA ĐỊA, nơi hẻo lánh, sống nhờ nghề BỐC MỘ, kiếm cơm - tập 938"	"265,339"	"3,143"	179		
"LẤY NHẦM người chồng vô tâm, 2 MẸ CON, chạy vô rừng ở kiếm CƠM - tập 1100"	"265,336"	"5,560"	240		
"LƯỢM ĐÁ tìm bữa cơm, ở nơi khắc nghiệt nhất, có gì ĂN NẤY - tập 1481"	"265,102"	"4,764"	258		
CÔ GÁI nghèo sống trong căn chòi rách ở chỗ HOANG VẮNG - tập 1747	"265,037"	"4,286"	296		
"ANH CHÀNG người kinh, bỏ phố lên rừng LẤY VỢ sống cách biệt - tập 1188"	"265,013"	"4,444"	308		
"CÔ GÁI, ôm con chạy vô rừng, kiếm từng BỮA CƠM - tập 1248"	"264,870"	"3,806"	253		
"BỎ LÀNG lên đồi núi ở, 2 vợ chồng trú ẩn trong CĂN NHÀ mục nát - tập 1442"	"264,848"	"3,292"	145		
"ÔNG LÃO sống trong căn chòi rách nát tả tơi, đã có NHÀ MỚI - tập 1581"	"264,841"	"5,936"	647		
"ĂN NGỦ trong rừng, sử dụng nguồn NƯỚC ô nhiễm, VÙNG ĐẤT nắng cháy da người - tập 1034"	"264,539"	"4,383"	390		
BẮT GẶP người lạ mặt đến chòi ÔNG LÃO lấy hết đồ MTQ tặng ông - tập 1580	"264,494"	"4,981"	556		
"BÍ ẨN con chó trắng, mũi đỏ, ở trong rừng, BẮT GÀ của người nghèo - tập 1603"	"264,197"	"4,275"	418		
"TRÚ ẨN tận cùng nơi HẺO LÁNH, có gì ăn nấy, bữa đói, bữa no, BỆNH TẬT đeo bám - tập 977"	"263,618"	"5,185"	412		
"HÀNH TRÌNH đi tìm nguồn nước sạch cho người nghèo, vui như ngày TẾT - tập 1394"	"263,593"	"5,450"	414		
"Vợ bỏ chồng, con bỏ cha, không nơi nương tựa, sống lang thang trong rừng bữa đói bữa no - tập 613"	"263,583"	"3,415"	155		
Ngôi nhà cổ tích ở ngay gốc mít của 2 vợ chồng đôi đũa lệch giờ ra sao - tập 683	"262,641"	"3,821"	280		
"CỌP và DÊ ở chung CĂN NHÀ rách nát, VÙNG NÚI khắc nghiệt, CHÓ ăn đá, GÀ ăn sỏi - tập 993"	"262,629"	"5,007"	187		
"Xúc động, hai mẹ con nghèo, chăn bò mướn, sống trong căn nhà rách nát, te tua, tơi tả - tập 482"	"262,538"	"3,281"	148		
"ĂN LÁ cây, ngủ trong rừng, MÓN ĂN nuôi sống người nghèo - tập 1042"	"261,808"	"4,046"	221		
"TIN VUI, niềm vui nhân đôi, 2 mẹ con nghèo ở rẫy được ân nhân tặng QUÀ LỚN - tập 1799"	"260,739"	"3,967"	284		
"CHÀNG TRAI nghèo, ăn ngủ trên núi, sống như NGƯỜI RỪNG - tập 1448"	"260,601"	"4,611"	305		
"ÔNG CỤ bỏ nhà mới ra đi, ở lại CĂN CHÒI cũ mục nát - tập 1592"	"259,701"	"4,323"	"1,034"		
Hành trình về miền tây tìm lại sự sống cho chị gái xinh đẹp mang hình hài giống 2 cái đầu - tập 541	"259,401"	"3,144"	352		
"THAY ĐỔI, người đàn ông LỘT XÁC sau 1 năm được MTQ trợ giúp - tập 1070"	"258,907"	"5,478"	278		
"Chuyến xe BẤT ỔN, hành trình vượt đèo, lội suối, đưa nhu yếu phẩm lên đỉnh núi cao - tập 931"	"258,551"	"4,254"	269		
"2 VỢ CHỒNG nghèo ở tạm bợ căn chòi xiêng xẹo, cơm không ĐỦ ĂN - tập 1703"	"258,396"	"3,632"	243		
"Đôi vợ chồng trẻ 28 tuổi sinh 4 đứa con, cơm không đủ ăn, sống trú ẩn trong rừng rậm - tập 532"	"258,089"	"3,104"	165		
"ƯỚC MƠ có gạo ăn, mỗi ngày ĂN CƠM với MUỐI ỚT để sống - tập 1499"	"257,927"	"4,349"	336		
"GÀ TRỐNG nuôi con, 2 cha con được TẶNG món quà TO LỚN - tập 1480"	"257,752"	"5,224"	398		
Bí quyết sống thọ của cụ bà 100 tuổi sống neo đơn trên rừng khỏe mạnh như gái 18 - tập 480	"257,714"	"3,259"	251		
"SỐ PHẬN khắc khổ, bị chồng C.H.É.M chạy vô rừng LẪN TRỐN - tập 1183"	"256,946"	"4,361"	280		
Xót xa cụ bà sống trong ngôi nhà rách nát te tua như cái chuồng gà - tập 525	"256,714"	"3,203"	121		
"Phép lạ của Cha Phanxicô TRƯƠNG BỬU DIỆP đã cứu "" Chị Mặt Bướu "" tai qua, nạn khỏi - tập 581"	"256,588"	"4,147"	554		
"Cụ bà sống trong căn nhà rách nát, ăn cơm thiu, canh thúi, ở với rắn rết, ruồi muỗi - tập 415"	"256,539"	"2,843"	169		
"TẠM BIỆT ông lão sống trong căn nhà hoang, cuộc CHIA LY rơi nước mắt - tập 787"	"256,342"	"5,797"	843		
"ÔNG CỤ dọn vào nhà mới ở, KẾT THÚC hành trình 30 năm, ăn bờ NGỦ BỤI - tập 1589"	"255,088"	"6,132"	862		
"NỖI LÒNG của người nghèo, hết cơm sạch gạo, tìm kiếm từng BỮA ĂN - tập 1227"	"254,967"	"3,923"	228		
"VÌ NGHÈO, cô gái chạy vô rừng tìm BỮA ĂN, có gì ăn nấy để TỒN TẠI - tập 1510"	"254,712"	"3,935"	235		
KẺ GIẤU MẶT nửa đêm rình mò đến nhà người nghèo BẮT CÁ - tập 1806	"254,639"	"4,473"	493		
"SỐ PHẬN con nhà nghèo, LÀM VIỆC vất vả, kiếm từng BỮA CƠM - tập 1179"	"254,384"	"4,922"	256		
"Giây phút hồi hộp, khi chờ đợi nhận kết quả xét nghiệm cục bướu to khổng lồ - tập 540"	"253,639"	"3,620"	890		
"CON CÁI đâu thấy cảnh này, MẸ GIÀ vất vả hằng ngày KIẾM CƠM - tập 1458"	"253,449"	"3,556"	236		
"ÔNG BÀ CỤ, sống trú ẩn giữa rừng núi hoang vu, bị THÚ DỮ tấn công - tập 748"	"253,094"	"4,633"	334		
"2 VỢ CHỒNG trẻ mồ côi, đi tìm THỨC ĂN ở trong rừng - tập 1493"	"253,065"	"4,856"	457		
"MỒ CÔI cha mẹ, cô gái dắt nhau vô rẫy rừng TẠM TRÚ - tập 1740"	"252,759"	"3,768"	310		
"TRỜI ĐẤT ƠI, nghỉ học, bỏ nhà theo trai, để xảy ra chuyện này - tập 754"	"252,173"	"3,359"	170		
"GÁNH NẶNG người nghèo, khổ lại thêm khổ, TRÁI CÂY rừng rẻ như cho, không ai mua - tập 948"	"251,385"	"4,345"	206		
"TRUY TÌM, cụ bà 100 tuổi sống ẨN DANH trong rừng, không biết nói TIẾNG VIỆT - tập 722"	"250,803"	"3,085"	120		
"ĂN LÁ cây để tồn tại ở vùng đất khắc nghiệt, khổ TẬN CÙNG - tập 1453"	"250,575"	"3,508"	271		
"BỮA CƠM nghèo, ăn lá cây rừng, đắng LE LƯỠI, lá đu đủ cũng KHÔNG BẰNG - tập 1259"	"250,422"	"3,300"	119		
"CÔ GÁI ăn ngủ trong rừng, CHĂN BÒ mướn, ăn LÁ CÂY để tồn tại - tập 1059"	"249,546"	"3,834"	200		
"VỠ ÒA cảm xúc, từ ngày cha sinh mẹ đẻ, mới được ân nhân TẶNG QUÀ - tập 1511"	"249,265"	"4,018"	206		
"MÓN ĂN vàng dưới lòng đất, giúp người nghèo KIẾM TIỀN triệu - tập 1670"	"249,158"	"5,711"	654		
"MÙNG 4 TẾT, vượt đèo núi cao, TẶNG món quà to lớn, cho người nghèo khổ - tập 1284"	"249,087"	"3,705"	181		
"NGƯỜI PHỤ NỮ, nói chuyện với ĐỘNG VẬT, ngủ trong rừng, ăn bắp THAY CƠM - tập 1253"	"249,013"	"3,428"	190		
"2 VỢ CHỒNG nghèo tơi tả, ở trong BỤI CÂY - tập 1689"	"248,401"	"3,846"	220		
"ÔNG LÃO sẽ di chuyển đến NGÔI NHÀ mới, ÔNG BẢY sợ điều gì - tập 786"	"248,113"	"5,200"	878		
"PHÉP LẠ đến từ ƠN TRÊN, người phụ nữ C.H.Ế.T đi sống lại - tập 1460"	"247,867"	"5,247"	540		
"TẬN CÙNG của nỗi khổ, 21 năm ở trong rừng, VÙNG ĐẤT nắng cháy da người - tập 1039"	"247,588"	"3,995"	232		
"VƯỢT ĐÈO lên núi, trao tặng món quà mùa NẮNG GẮT - tập 1701"	"247,494"	"4,227"	414		
Cụ bà sống ẩn danh với con heo rừng trên núi không ai biết đến - tập 446	"247,478"	"2,793"	169		
"BỊ KẸT ở núi rừng 20 năm, ƯỚC MƠ được giải cứu, trở về BẢN LÀNG - tập 1317"	"246,362"	"4,093"	201		
"VƯỢT ĐÈO, LỘI SUỐI đưa món quà vào tận rừng sâu, giúp NGƯỜI RỪNG sống ẨN CƯ nơi hoang vắng - tập 705"	"246,084"	"3,710"	173		
"CẢ XÓM chạy tán loạn, để đưa MÓN QUÀ này vào trong RỪNG, ai cũng thở LÈ LƯỠI - tập 812"	"245,951"	"5,028"	291		
"NGƯỜI PHỤ NỮ sống cô độc trong rừng, người ra đi, kẻ ở lại THƯƠNG NHỚ - tập 947"	"245,612"	"4,335"	217		
"CĂN NHÀ nhỏ nằm treo leo giữa núi rừng, nơi TRÚ ẨN của người nghèo - tập 1435"	"245,537"	"4,036"	259		
"LỜI HỨA với người nghèo, trao tặng món quà ĐẶC BIỆT - tập 1490"	"245,414"	"4,136"	292		
"TRUY TÌM, người phụ nữ sống biệt lập trong rừng, BẤT NGỜ gặp thú dữ - tập 741"	"244,805"	"3,882"	143		
"NỤ CƯỜI hạnh phúc, rơi nước mắt của người nghèo, MÓN QUÀ lớn chưa từng có - tập 995"	"244,715"	"5,058"	569		
"KIỆT SỨC, vượt lên đỉnh núi cao, GỒNG GÁNH món quà YÊU THƯƠNG, vào trong rừng - tập 1083"	"244,621"	"4,451"	352		
"Trao tặng tiền cho chị gái xinh đẹp mặt bướu, cả nhà hết hồn vì số tiền lớn chưa từng thấy - tập 544"	"244,477"	"3,745"	410		
"TRÁI CÂY rừng rẻ như cho, THƯƠNG LÁI ép giá người nghèo, TẬN CÙNG của nỗi khổ - tập 1000"	"244,360"	"4,172"	257		
"DẮT NHAU vào rẫy rừng ở, đi tìm bữa cơm và chỗ TẠM TRÚ - tập 1727"	"244,005"	"3,977"	309		
Hành trình vượt hàng trăm cây số tìm lại sự sống cho cô gái xinh đẹp mang căn bệnh quái ác - tập 535	"242,976"	"3,872"	656		
"NGƯỜI ẾCH, sống lang thang trong rừng, 80 năm mang hình hài con ếch - tập 764"	"242,729"	"3,493"	169		
"CỨ NGỠ là giấc mơ, cô gái nghèo lần đầu tiên được TẶNG QUÀ - tập 1684"	"242,647"	"4,231"	317		
"HÀNH TRÌNH vượt đèo, băng núi, chở MÓN ĂN yêu thương vào RỪNG - tập 1051"	"241,405"	"5,157"	339		
"TÁ HỎA kẻ lạ mặt, đến căn nhà hoang dẫn dắt ÔNG LÃO đi ra nghĩa địa - tập 778"	"241,374"	"4,921"	702		
"CÔ BÉ nhặt ve chai, nuôi mẹ khờ, bà ngoại mù, ĐỔI ĐỜI - tập 1378"	"240,700"	"4,463"	315		
"VÙNG NÚI khắc nghiệt, CƠM không đủ ăn, NƯỚC không đủ uống, 7 ngày mới tắm 1 lần - tập 1020"	"240,508"	"4,678"	265		
"MTQ ở Mỹ đến trao quà TẬN TAY người nghèo, không kìm được NƯỚC MẮT - tập 1181"	"240,017"	"4,140"	262		
TRỞ VỀ thăm nhà GÀ LANG THANG cây nhà LÁ VƯỜN - tập 1768	"239,743"	"4,711"	788		
KẺ LẠ MẶT đến dụ dỗ người nghèo bán hết gà của ÂN NHÂN - tập 1503	"239,527"	"4,596"	297		
"2 MẸ CON ở khu rừng, trú ẩn trong căn nhà RÁCH NÁT, ĂN LÁ, ĂN KHOAI để sống - tập 945"	"238,219"	"4,350"	185		
"KÉO NƯỚC sạch cho người nghèo, hành trình đi tìm SỰ SỐNG - tập 1737"	"237,324"	"5,026"	405		
"HƠN 20 NĂM ở trong núi rừng, cả gia đình nghèo khổ, kiếm từng BỮA ĂN - tập 1277"	"237,230"	"3,297"	145		
"CHA MẸ mất sớm, 2 chị em ruột sống nương tựa vào nhau, tìm kiếm từng BỮA ĂN - tập 1215"	"236,817"	"3,844"	151		
"ƯỚC MƠ của người nghèo, 1 ngày 3 BỮA CƠM, có gì ăn nấy - tập 1274"	"236,785"	"3,112"	130		
"Cả gia đình gào khóc, cô bé 16 tuổi đi bắt trứng kiến bị mìn n.ổ bay mất một chân - tập 678"	"236,620"	"2,852"	105		
"ÔNG LÃO sống ẩn danh trong rừng, ĂN BẮP thay cơm, cuộc sống bình yên TUỔI GIÀ - tập 897"	"236,237"	"3,882"	178		
"NGÔI NHÀ nhiều rắn của gia đình nghèo, ở trong rừng nơi HẺO LÁNH - tập 1419"	"236,155"	"3,873"	234		
Đi tìm tổ chim - phát hiện chú chó rừng đáng thương - tập 1	"235,850"	"3,301"	365		
"HAI TÍ gà trống nuôi con, chỉ vì nghèo, vợ bỏ lại 3 CHA CON - tập 1162"	"235,676"	"5,748"	525		
"Hai vợ chồng già, cơm không có ăn chỉ ăn lá cây, rau củ để sống - tập 419"	"235,445"	"1,937"	161		
"KẾ HOẠCH đào giếng tìm nước sạch cho người nghèo, vùng đất KHÔ HẠN - tập 1692"	"235,094"	"3,797"	216		
"Xót thương, đứa con gái khờ bị cha mẹ, người thân bỏ rơi nhốt trong nhà tù 30 năm - tập 550"	"234,960"	"3,029"	357		
"2 VỢ CHỒNG trẻ tuổi, ở tít trên núi cao, sống TẠM BỢ căn chòi rách - tập 1560"	"234,634"	"3,294"	247		
"Không biết cha là ai, mẹ bỏ đi biệt tích, vứt bỏ 3 đứa trẻ MỒ CÔI - tập 731"	"234,482"	"3,389"	135		
"CÔ GÁI bật khóc NỨC NỞ vì bị đuổi ra khỏi nhà, không biết ở đâu, dắt 4 ĐỨA BÉ đi đâu - tập 899"	"234,434"	"4,431"	288		
"BÍ ẨN ở trong rừng, NGƯỜI DÂN ở đây, NỬA NĂM mới được ĂN CÁ một lần - tập 835"	"234,361"	"4,395"	411		
"Bí ẩn, người phụ nữ sống ẩn danh giữa thung lũng rừng núi hoang vu không một ai lui tới - tập 606"	"233,624"	"3,260"	136		
"Hai ông bà cụ gần 90 tuổi, sống ẩn cư trên núi ở trong căn nhà rách nát gần sập đổ - tập 668"	"233,415"	"3,397"	119		
"THẬT BẤT NGỜ, khi nghe giọng hát của cô bé CHĂN BÒ xinh đẹp, hát hay như ca sĩ - tập 714"	"233,284"	"3,253"	160		
"ÔNG CỤ đi theo gà TẶNG NHÀ cho người nghèo, niềm HẠNH PHÚC - tập 1594"	"232,361"	"4,780"	352		
"Xót thương - 3 đứa nhỏ theo cha mẹ vào rừng, ăn lá cây, củ khoai bậy bạ sống qua ngày - tập 568"	"232,220"	"3,444"	100		
"2 VỢ CHỒNG, ước mơ nhỏ nhoi, thật thà đến mức hóa DẠI KHỜ - tập 1338"	"232,202"	"4,087"	167		
"PHÉP MÀU đã thay đổi cuộc sống của người nghèo, giọt nước mắt HẠNH PHÚC - tập 1409"	"232,043"	"4,636"	345		
"VƯỢT RỪNG lội suối, hỗ trợ giúp đỡ CÔ GÁI nghèo ở trong rừng - tập 1536"	"231,604"	"3,838"	236		
"HÀNH TRÌNH vượt dốc đá, rinh vác MÓN QUÀ cứu đói, giúp người nghèo - tập 1066"	"231,286"	"4,075"	186		
"Người lùn tí hon, cô gái 20 tuổi giống như một đứa trẻ 5 tuổi sống giữa rừng - tập 632"	"231,272"	"2,591"	108		
"BÀ LÃO nuôi đứa con KHỜ, sống trong căn nhà MỤC NÁT te tua, ăn cây cỏ RỪNG sống - tập 847"	"231,050"	"4,216"	247		
"2 MẸ CON ôm nhau đi chăn bò, ăn cơm với MUỐI ỚT - tập 1352"	"231,015"	"3,870"	197		
"ĐẮNG CAY cuộc đời, CHA MẸ cả đời LAM LŨ vì con, vậy mà đến cuối đời, nghe mà THẤM - tập 1411"	"230,985"	"4,079"	320		
CÔ GÁI nghèo hiếu thảo với CHA MẸ được ơn trên ban tặng chiếc XE MÁY - tập 1534	"230,864"	"3,782"	197		
"LẠC MẸ mất cha, người đàn ông ăn nhờ ở đậu trong căn nhà DỘT NÁT - tập 1748"	"230,605"	"3,731"	264		
"MỒ CÔI cha mẹ từ nhỏ, CHÀNG TRAI trú ẩn trong rừng để TỒN TẠI - tập 1462"	"230,587"	"5,456"	711		
"ĐỨA BÉ đáng thương, ĂN CƠM với muối ớt, bữa đói BỮA NO - tập 1199"	"230,282"	"4,495"	275		
"2 VỢ CHỒNG trẻ tuổi, MỒ CÔI cha mẹ từ nhỏ, không nơi NƯƠNG TỰA - tập 1184"	"229,860"	"4,524"	230		
"VUI NHƯ TẾT, cả làng xóm KÉO NHAU lên núi, nhận QUÀ TẾT - tập 958"	"229,801"	"4,163"	199		
"CỤ BÀ và con chó, sống trong CĂN NHÀ mục nát, CƠM ăn bữa đói, BỮA NO - tập 1123"	"229,787"	"4,555"	204		
2 VỢ CHỒNG nghèo sống tạm bợ trong CĂN NHÀ đất cũ nát - tập 1595	"229,515"	"3,914"	368		
"LỜI HỨA với người nghèo, TRAO TẶNG món quà của ÂN NHÂN - tập 1475"	"229,385"	"4,741"	305		
"Tin vui, chị xinh "" Mặt Bướu "" đã khỏe bác sĩ tháo băng đầu cho chị xinh - tập 588"	"229,165"	"4,913"	545		
2 VỢ CHỒNG bị rắn hổ mang CHÚA khổng lồ tìm đến nhà lúc NỬA ĐÊM - tập 1264	"228,831"	"3,157"	137		
"CẢ GIA ĐÌNH sống ẩn cư trong khu RỪNG, cách biệt với XÃ HỘI, sống như NGƯỜI RỪNG - tập 952"	"228,364"	"5,306"	241		
"NỤ CƯỜI hạnh phúc, ÔNG BÀ già ở trong rừng, nhận QUÀ vui như ngày TẾT - tập 1033"	"228,201"	"3,816"	207		
"CÔ GÁI vất vả kiếm từng BỮA CƠM, ở trong CĂN NHÀ dột nát - tập 1195"	"227,960"	"3,560"	158		
"Hơn 50 năm chưa mặc áo mới, ăn nhín nhịn ăn, vẫn còn khó khăn - tập 617"	"227,741"	"3,394"	112		
"THÔI XONG em bảo đã hết cơ hội, ước mơ của em DỪNG LẠI - tập 1705"	"227,683"	"5,830"	981		
ĐI TÌM 2 vợ chồng nghèo sống trên đỉnh NÚI CAO - tập 1750	"227,617"	"3,616"	281		
"TIN VUI cho bốn mẹ con, ở CĂN CHÒI rách trong BỤI CÂY - tập 1640"	"227,459"	"4,084"	386		
"2 VỢ CHỒNG nghèo ở trong CÁI LỀU rách, được tặng QUÀ LỚN - tập 1746"	"226,593"	"3,889"	222		
"ĐẤT MẶN nơi hẻo lánh, cả đời làm việc VẤT VẢ, vẫn không đủ ăn - tập 1220"	"225,825"	"3,727"	294		
"Cả gia đình sống trong căn nhà rách nát, làm việc vất vả nhưng vẫn thiếu cơm ăn - tập 666"	"225,642"	"2,989"	240		
"CÔ GÁI nghèo da đen, ở trong căn chòi rách tả tơi, ai thấy cũng XÓT XA - tập 1711"	"224,991"	"4,145"	449		
"2 MẸ CON, ngủ ở trên núi, ăn lá cây đắng LÈ LƯỠI để tồn tại - tập 1340"	"224,936"	"3,443"	185		
"VIỆT KIỀU úc, vượt hàng ngàn cây số lên núi để ăn MÓN NÀY - tập 1728"	"224,688"	"4,415"	326		
ĐÀO GIẾNG tìm nguồn nước sạch cho người nghèo SINH HOẠT - tập 1696	"224,383"	"4,900"	467		
"BÀ LÃO 100 tuổi, sống ẨN DANH trong rừng, BẬT KHÓC vì con cháu đối xử tệ với bà - tập 788"	"224,345"	"4,172"	453		
"ĐÀO GIẾNG tìm nước sạch cho người nghèo, xây dựng ƯỚC MƠ - tập 1714"	"223,983"	"4,623"	450		
"LƯỢM RÁC mang về nhà, người ĐÀN BÀ sống trong đóng RÁC THẢI - tập 1591"	"223,770"	"2,835"	266		
"VƯỢT ĐÈO, đến với người nghèo, ÔNG CỤ nghèo ở trên ĐỈNH ĐÈO cao nhất - tập 1178"	"223,652"	"4,399"	246		
"CỨU TRỢ người nghèo, món quà của ÂN NHÂN, giúp người nghèo VƯỢT KHÓ - tập 1547"	"223,572"	"3,695"	287		
XÂY NHÀ vệ sinh cho 7 anh em MỒ CÔI và đưa em bảo đi KHÁM BỆNH - tập 1741	"223,455"	"4,987"	879		
"GIA ĐÌNH nghèo, sống tạm bợ trong CĂN CHÒI làm từ RÁC THẢI - tập 1646"	"223,321"	"3,494"	356		
"CÔ GÁI có 3 đời chồng, 3 đứa con, 3 DÂN TỘC khác nhau - tập 1228"	"222,745"	"3,383"	179		
"XÚC ĐỘNG lời tâm sự của cô bé 9 tuổi, ƯỚC MƠ người cha QUÁ CỐ trở về - tập 1068"	"222,095"	"4,269"	159		
"2 MẸ CON xinh đẹp nghèo khổ, ở tạm bợ trong CĂN NHÀ rách - tập 1704"	"221,921"	"3,807"	219		
"BẬT KHÓC, giọt nước mắt HẠNH PHÚC, khi được TẶNG ngôi nhà MƠ ƯỚC - tập 1103"	"221,484"	"5,343"	339		
TẠM BIỆT ông cụ sống ở CĂN CHÒI rách làm từ RÁC THẢI - tập 1601	"220,662"	"4,596"	577		
"NGHỊ LỰC phi thường của người ĐÀN ÔNG cụt tay, mù mắt, lượm phân đổi gạo ăn - tập 925"	"220,612"	"4,528"	278		
"Chiếc túi THẦN KỲ biết bao người mơ ước, mở ra sẽ cứu sống CÔ GÁI - tập 794"	"220,534"	"4,136"	240		
"MÙ CHỮ, cả đời chăn bò, cừu mướn, có cái gì ĂN NẤY, nghèo khổ tận cùng - tập 1229"	"219,877"	"3,643"	209		
BÁU VẬT của NGƯỜI RỪNG chiếc gùi quý báu cứu sống CỤ ÔNG - tập 766	"218,845"	"3,285"	172		
"KIỆT SỨC vì thiếu nước, 2 vợ chồng sống ẨN CƯ trên đỉnh núi cao nơi hoang vu hẻo lánh - tập 701"	"218,694"	"2,939"	104		
"CĂN NHÀ mục nát tả tơi, ở giữa đồi núi HOANG VU - tập 1441"	"218,635"	"3,526"	163		
"GIA ĐÌNH nghèo xơ xác, sống trong căn nhà MỤC NÁT, ở núi rừng - tập 1370"	"218,483"	"3,240"	162		
"CHA RUỘT bỏ rơi CON GÁI, ông bà già, ôm cháu chạy vô rừng TRÚ ẨN - tập 1136"	"218,072"	"5,454"	253		
"HẾT HỒN chim én, khi team GÀ LANG THANG gặp tình huống này giữa rừng - tập 1395"	"217,987"	"4,060"	303		
"VƯỢT QUA số phận nghèo, THAY ĐỔI cuộc sống mới - tập 1438"	"217,654"	"3,360"	203		
"CẢ XÓM tá hỏa, cô gái sinh con giữa rừng HOANG VẮNG - tập 1278"	"217,347"	"2,979"	109		
"MÙNG 3 TẾT, gia đình nghèo, sống tạm bợ trong CĂN CHÒI rách tả tơi - tập 1663"	"217,319"	"3,556"	227		
VỢ CHỒNG già lủi thủi sống ở trong rừng nơi HẺO LÁNH - tập 1408	"216,971"	"3,309"	194		
"BÀ CON nghèo đã có nguồn nước sạch, cứ ngỡ là GIẤC MƠ - tập 1489"	"216,966"	"5,163"	450		
"ĂN BỜ ngủ bụi, người đàn ông sống trong CĂN NHÀ bỏ hoang - tập 1717"	"216,901"	"3,583"	321		
"ĐÊM TỐI, ôm chiếc thùng BÍ ẨN chạy vô RỪNG, trên đường đi hết hồn vì GẶP MA - tập 817"	"216,608"	"6,862"	445		
"ÔNG CỤ mất số tiền lớn, cả xóm nghi ngờ TEAM GÀ LANG THANG - tập 1628"	"216,490"	"4,705"	"1,288"		
"Tin vui, sau thời gian tìm lại sự sống chị gái xinh đẹp mặt bướu cuối cùng đã có hy vọng - tập 543"	"216,193"	"3,579"	501		
THỰC HIỆN lời hứa với ÔNG CỤ sống trong CĂN CHÒI làm từ rác - tập 1588	"215,996"	"4,552"	483		
CÔ GÁI nghèo mang những con vật lạ về làm THỨC ĂN - tập 1759	"215,615"	"3,837"	257		
"ĐÀO GIẾNG số 6, cả làng vui mừng vì trúng mạch NƯỚC LỚN - tập 1745"	"215,473"	"5,320"	310		
"NUÔI VỊT lấy trứng, 40 năm chăn vịt mướn, ăn bờ Ở BỤI - tập 1700"	"215,465"	"4,121"	312		
"GIA ĐÌNH nghèo ở trong rừng, vượt ngàn chông gai, đi tìm TƯƠNG LAI - tập 1497"	"215,142"	"3,878"	244		
"2 VỢ CHỒNG trẻ, 19 năm đi tìm ĐỨA CON, mất hết TẤT CẢ, để có được con - tập 1233"	"215,131"	"3,796"	303		
"DẮT NHAU lên núi ở, 2 VỢ CHỒNG lụm phân đổi CƠM GẠO - tập 1125"	"214,992"	"3,674"	158		
"NHÂN ĐÔI niềm vui, cứ ngỡ là GIẤC MƠ, được tặng MÓN QUÀ lớn - tập 1605"	"214,753"	"3,641"	249		
"ƯỚC MƠ của ÔNG LÃO sống trong căn nhà hoang, giờ đã thành sự thật - tập 775"	"214,249"	"5,000"	712		
"CỤC ĐÁ âm hồn, phát ra tiếng nhạc kỳ lạ mỗi đêm, ai nghe cũng BỎ CHẠY - tập 1146"	"213,986"	"5,061"	221		
"Gia đình nghèo rách nát, vui mừng rớt nước mắt, vì được tặng nhà mới, quần áo, chỗ ngủ mới - tập 447"	"213,976"	"3,291"	166		
"ĐÀO GIẾNG số 5, đi tìm nguồn nước sạch cho người nghèo SINH HOẠT - tập 1743"	"213,764"	"4,003"	402		
"Trời mưa bão, GÀ LANG THANG vượt đèo lội suối vào tận rừng sâu để trao tặng số tiền lớn - tập 566"	"213,624"	"3,180"	181		
"Tin vui, chị xinh đã được bác sĩ đưa xuống phòng hồi sức, đã được an toàn cho sức khỏe - tập 580"	"213,397"	"4,883"	665		
"GIẢI ĐÁP thắc mắc lời gièm pha, MTQ vượt ngàn chông gai, tìm hiểu SỰ THẬT - tập 1363"	"213,277"	"5,095"	336		
KHÔNG NGỜ còn sót lại GIA ĐÌNH nghèo ở trong rừng như THỔ DÂN - tập 904	"212,909"	"4,181"	217		
"DỰ ÁN xây dựng ước mơ cho người nghèo, CÂY CẦU số 3 - tập 1417"	"212,709"	"4,345"	348		
Món quà từ MỸ dành tặng người đồng bào nghèo miền núi - tập 385	"212,553"	"2,732"	157		
MTQ Ở MỸ trao tặng GÀ LANG THANG món quà to lớn - tập 1615	"212,083"	"5,495"	423		
"GIA ĐÌNH nghèo ở rừng, sống tạm bợ trong CĂN NHÀ mục nát - tập 1434"	"211,703"	"3,421"	249		
"Cả GIA ĐÌNH ở trên núi, bất ngờ nhận được MÓN QUÀ chưa từng MƠ ƯỚC - tập 1122"	"211,700"	"5,208"	216		
"29 TẾT tất niên cuối năm, LÌ XÌ TẾT TAEM GÀ LANG THANG - tập 1660"	"211,411"	"4,573"	369		
"CÔ GÁI mang bụng bầu, leo lên núi cao, hái LÁ CÂY chặt củi bó, đổi CƠM GẠO - tập 1139"	"211,324"	"4,415"	243		
"2 VỢ CHỒNG trẻ tuổi, rời xa THÀNH PHỐ, 10 năm ở trong rừng KIẾM CƠM - tập 1384"	"211,298"	"3,392"	284		
"BỎ NHÀ lên núi ở, ÔNG LÃO sống trong CĂN NHÀ mục nát, rách TE TUA - tập 1118"	"210,983"	"4,986"	272		
"Người phụ nữ sống ẩn cư trên núi, bị con rắn mãng xà cắn cụt xương 1 cánh tay - tập 682"	"210,356"	"2,724"	84		
"LÁ RÁCH đùm lá nát, CÔ GÁI mù & ÔNG CỤ què - tập 1608"	"210,180"	"3,553"	215		
"CÔ GÁI nghèo, ở trong căn nhà mục nát tả tơi, nằm ở giữa rừng HOANG VẮNG - tập 1432"	"209,931"	"3,270"	431		
"HẠNH PHÚC của người nghèo, là được TẶNG căn nhà che NẮNG MƯA - tập 1638"	"209,843"	"3,452"	260		
"BỮA ĂN một đồng, tận cùng của nổi khổ, CƠM trắng cá me, ở CĂN NHÀ rách nát TẢ TƠI - tập 992"	"209,173"	"4,129"	201		
"THÁO DỠ căn nhà ông cụ, ĐI TÌM chỗ ở mới - tập 1593"	"209,060"	"5,089"	860		
Gà Lang Thang lãnh tiền YOUTUBE mua xe ôtô mới 600 triệu	"208,547"	"3,777"	317		
"LỜI TÂM SỰ nghẹn ngào, cả GIA ĐÌNH đói khổ, chạy vô rừng kiếm CƠM - tập 1055"	"208,146"	"4,429"	237		
"2 MẸ CON ăn ngủ trong rừng, ăn CƠM với lá cây, đắng LÈ LƯỠI - tập 1119"	"207,491"	"4,291"	269		
"NỬA ĐÊM đi vào trong RỪNG, vừa đi vừa RUN SỢ, nhiều thứ HẾT HỒN nằm giữa đường - tập 816"	"206,376"	"4,987"	495		
"CÓ GÌ, ăn nấy, làm việc vất vả, để kiếm CƠM ĂN - tập 1187"	"205,502"	"3,455"	186		
Cụ bà sống trú ẩn trong khu rừng rậm cùng với mấy con chó con mèo - tập 529	"205,294"	"2,811"	142		
"ĐÀO AO tìm nguồn nước cho người nghèo, ƯỚC MƠ to lớn - tập 1479"	"204,986"	"4,437"	335		
"Cụ ông 82 tuổi bệnh nặng phải nhập viện, cụ bà rớt nước mắt vì nhận số tiền lớn - tập 501"	"204,943"	"2,638"	184		
"CĂN NHÀ rách nát TẢ TƠI như cái CHUỒNG GÀ, tối ngủ ĐẮP CHIẾU ai thấy cũng GIẬT MÌNH - tập 990"	"204,496"	"4,106"	197		
"2 VỢ CHỒNG trẻ, dắt nhau lên rừng ở, BẤT NGỜ được tặng NGÔI NHÀ mơ ước - tập 1211"	"204,083"	"4,277"	364		
GÀ LANG THANG chi 1 tháng lương làm YOUTUBE để xây nhà cho gia đình nghèo - tập 101	"203,179"	"3,173"	244		
"MÙNG 7 TẾT lụm phân đổi gạo, TẾT của người nghèo, CƠM không đủ ăn - tập 966"	"203,027"	"3,884"	156		
TEAM GÀ LANG THANG và bà con nghèo được ân nhân tặng QUÀ LỚN - tập 1755	"202,749"	"3,967"	263		
"TỘI NGHIỆP cụ bà, ngủ ở rừng mấy chục năm, ăn lá cây để TỒN TẠI - tập 1374"	"202,626"	"3,493"	208		
"TẠM BIỆT ông lão sống trong CĂN NHÀ bỏ hoang, HẾT DUYÊN ông bảy bật khóc - tập 878"	"202,438"	"5,423"	728		
"KHAI THÁC nguồn nước sạch cho người nghèo, nước là SỰ SỐNG - tập 1424"	"202,305"	"5,252"	372		
"ĐI TÌM nguồn nước sạch cho người nghèo, ngày GIÔNG BÃO - tập 1492"	"202,135"	"4,379"	352		
"2 BÀ CHÁU ở trong căn nhà nhỏ xíu, kiếm từng BỮA CƠM ăn, để tồn tại - tập 1198"	"201,941"	"3,717"	217		
"ỚN LẠNH, bà lão sống trong rừng hoang vắng, ăn món ăn chưa nhìn thấy bao giờ - tập 760"	"201,742"	"3,314"	129		
TIN VUI em bảo được ân nhân tặng món quà lớn để CHỮA BỆNH - tập 1729	"201,648"	"4,558"	376		
"THAY ĐỔI cuộc sống, ÔNG CỤ không còn đi lượm RÁC THẢI - tập 1590"	"201,647"	"4,871"	814		
"VƯỢT KHÓ, giúp đỡ người nghèo cần câu CƠM, thay đổi cuộc sống MỚI - tập 1312"	"201,578"	"4,000"	270		
"ĐỨA BÉ thiếu ăn, bất ngờ được MTQ TẶNG ngôi nhà mới, xây dựng TƯƠNG LAI - tập 1210"	"201,504"	"3,776"	226		
"GIA ĐÌNH tan nát, thiếu ăn, bệnh nhiều, lâm vào cảnh KHÓ KHĂN, khổ cực - tập 1124"	"201,371"	"4,169"	171		
"Phong tục kỳ lạ của người đồng bào miền núi, mẹ mất, cha bỏ lại con mồ côi - tập 475"	"201,227"	"2,601"	156		
"XÓA NỢ cho người nghèo, 11 NĂM làm mướn, sống như NÔ LỆ - tập 1322"	"201,096"	"4,780"	518		
"Bác sĩ tặng quà "" Đặc Biệt "" cho chị xinh, 2 cha con là bệnh nhân "" VIP "" của bệnh viện - tập 582"	"201,001"	"4,239"	485		
"CỨU ĐÓI người nghèo, ăn ở trong rừng, BỮA ĐÓI, BỮA NO - tập 1398"	"200,890"	"3,131"	363		
"XÓT XA, nhìn cậu bé NGƯỜI RỪNG ăn cơm với TRỨNG KIẾN mà không kìm được nước mắt - tập 707"	"200,591"	"2,966"	98		
"CĂN NHÀ ở trên đồi núi, vẫn còn TỒN TẠI gia đình nghèo không ai biết đến - tập 1421"	"200,489"	"3,381"	190		
NGƯỜI MẸ nghèo ôm con chạy vô rẫy rừng TRÚ ẨN tạm bợ CĂN CHÒI rách - tập 1682	"200,346"	"3,643"	250		
"CHA MẸ nghèo, con cái khổ theo, CHĂN BÒ mướn, hốt phân bò kiếm CƠM - tập 1132"	"200,282"	"3,999"	158		
"CÁI GIẾNG nước nuôi sống người nghèo, trồng trọt CHĂN NUÔI - tập 1695"	"200,122"	"3,637"	284		
"KÉO XE mang gạo lên núi tặng người nghèo, món quà KIỆT SỨC - tập 1744"	"200,078"	"4,093"	284		
"LÀM GIẾNG nước, xây nhà tặng người nghèo, món quà MƠ ƯỚC - tập 1708"	"199,908"	"3,998"	325		
Đưa chị gái xinh đẹp mặt bướu lên bệnh viện chấn thương chỉnh hình và kết quả - tập 542	"199,845"	"3,135"	541		
"CHA RUỘT đuổi con gái ra khỏi nhà, cô gái sống TẠM BỢ chòi rách - tập 1568"	"199,777"	"3,780"	286		
"CÔ GÁI nghèo thủy chung, bị chồng VÔ TÂM bỏ, theo NHÂN TÌNH mới - tập 1647"	"199,538"	"3,795"	450		
"NGƯỜI MIỀN TÂY lạc ở vùng núi, 2 VỢ CHỒNG nghèo, bữa đói BỮA NO - tập 1674"	"199,500"	"3,592"	246		
"TÚP LỀU của người nghèo, 26 năm chịu cực khổ ở rừng KIẾM CƠM - tập 1303"	"199,382"	"3,089"	148		
"GIEO TRỒNG hạt giống ân nhân, ở nơi khô cằn SỎI ĐÁ - tập 1351"	"199,313"	"3,487"	271		
"ÔNG LÃO vui như tết, như lượm được CÂY VÀNG, ông bảy thay đổi cuộc sống mới - tập 834"	"198,720"	"6,171"	830		
LỜI TÂM SỰ rơi nước mắt của ÔNG LÃO sống trú ẩn trong căn nhà hoang - tập 770	"198,713"	"4,090"	453		
"TÚI GẠO cuối cùng, bữa ăn rẻ tiền nhất VIỆT NAM - tập 1455"	"198,591"	"3,318"	202		
"VƯỢT ĐÈO, vượt thác, mang MÓN QUÀ lên núi cao, NỬA ĐÊM lang thang ở rừng - tập 1031"	"198,416"	"4,904"	396		
"VÙNG ĐẤT khô cằn, NẮNG cháy da người, nơi TRÚ ẨN của người nghèo khó - tập 1113"	"198,415"	"3,830"	144		
"BÍ ẨN, phát hiện công trình VĨ ĐẠI của người rừng xây dựng ở tận núi cao - tập 723"	"198,372"	"2,938"	98		
"BỎ NHÀ lên núi ở, trong CĂN NHÀ rách TE TUA, thiếu ĂN MẶC - tập 1121"	"198,334"	"3,900"	202		
"Vùng núi khắc nghiệt, thiếu nước, thức ăn, người dân làm việc vất vả - tập 616"	"198,262"	"2,567"	115		
"2 MẸ CON sống nương tựa vào nhau, hốt phân gà đổi CƠM GẠO - tập 1610"	"198,084"	"3,360"	272		
"2 VỢ CHỒNG trẻ mồ côi, vượt đèo lội suối, hái lá cây rừng ĐỔI GẠO - tập 1508"	"197,899"	"3,910"	272		
"LẠC HẬU, họ không biết tuổi mẹ đẻ, chỉ ước mơ được có GẠO ĂN - tập 1332"	"197,539"	"3,386"	185		
"TRẢ VÀNG và số tiền lớn cho ÔNG CỤ sống trong căn chòi rách, làm từ RÁC THẢI - tập 1625"	"197,153"	"3,660"	501		
"CÔ GÁI xinh đẹp, MÙ CHỮ chạy vô rừng, LỤM phân đổi GẠO ăn - tập 1058"	"197,026"	"3,569"	262		
"Cuộc sống cơ cực của người đồng bào miền núi, sống như thời đồ đá - tập 484"	"196,903"	"2,322"	145		
"GÀ LANG THANG bất lực, ông cụ lại một lần nữa, BỎ NHÀ ra đi - tập 1600"	"196,691"	"4,177"	"1,250"		
"MÓN QUÀ TẾT, cả xóm ai cũng XÔN XAO vui mừng, như chưa hề có ngày HÔM NAY - tập 962"	"196,181"	"3,809"	197		
"PHÁT HIỆN người đàn ông LÉN LÚT đào hang giấu TIỀN dưới đất, không ai biết đến - tập 699"	"195,690"	"3,575"	288		
"ĐÀO GIẾNG số 7, trời mưa bão nhưng vẫn không LÙI BƯỚC - tập 1752"	"195,304"	"3,487"	294		
"BÍ ẨN, cụ bà 80 năm sống trong KHU RỪNG, ai cũng SỢ HÃI khi đến nơi này lúc NỬA ĐÊM - tập 822"	"195,281"	"4,055"	286		
"Bỏ vợ, bỏ con, người đàn ông đi vào rừng sâu sống chật vật bữa đói, bữa no - tập 624"	"195,128"	"2,691"	105		
"HƠN 20 NĂM ở nơi hẻo lánh, 2 vợ chồng nghèo trú tạm trong CÁI LỀU rách - tập 1713"	"195,088"	"3,295"	167		
"CÁI GIẾNG vàng, làm ra CƠM GẠO nuôi sống người nghèo Ở NÚI - tập 1642"	"194,654"	"3,702"	250		
Ca giải phẫu “ nghẹt thở “ tìm lại sự sống của “ Chị Mặt Bướu “ và lời tâm sự - tập 578	"194,561"	"4,112"	683		
"VUI MỪNG rớt nước mắt, 2 vợ chồng cứ ngỡ là GIẤC MƠ, vì lần đầu tiên được TẶNG QUÀ - tập 1186"	"194,556"	"4,008"	333		
"ĐI TÌM nước sạch giúp người nghèo, nước là SỰ SỐNG - tập 1691"	"194,373"	"3,843"	224		
"NGƯỜI PHỤ NỮ vô gia cư, sống lang thang TẠM BỢ ở rừng - tập 1564"	"194,172"	"4,238"	269		
"20 NĂM sống trú ẩn ở trong rừng, BỮA ĐÓI, bữa no, có cái gì, ăn cái nấy - tập 1154"	"194,004"	"3,541"	141		
"ANH CHÀNG kém may mắn, TÀN PHẾ cánh tay, sống trú ẩn trong rừng - tập 1072"	"193,968"	"3,859"	330		
"2 VỢ CHỒNG già nhà nghèo, sống sạch sẽ từng ngóc ngách, ai thấy CŨNG MÊ - tập 1826"	"193,512"	"3,286"	210		
L.Ừ.A Đ.Ả.O lần đầu tiên GÀ LANG THANG bị K.Ẻ X.Ấ.U lợi dụng - tập 1306	"193,343"	"4,283"	253		
"CHÀNG TRAI nghèo sống biệt lập trên núi cao, ĂN NGỦ ở rừng - tập 1671"	"193,142"	"3,653"	236		
"2 VỢ CHỒNG nghèo, dắt nhau lên núi ở, trong căn chòi MỤC NÁT - tập 1632"	"192,604"	"3,385"	256		
"KIẾM CƠM ở trong rừng, 2 VỢ CHỒNG trẻ sống TẠM BỢ căn nhà đất CỔ XƯA - tập 1561"	"192,073"	"2,796"	196		
"2 VỢ CHỒNG nghèo sống lang thang, ở trong căn nhà làm từ RÁC THẢI - tập 1735"	"192,037"	"3,066"	156		
"ĐÔI VAI nặng trĩu, ĐÊM TỐI đi lang thang ở rừng, GÁNH QUÀ yêu thương - tập 1095"	"191,950"	"4,132"	378		
"CÔ GÁI xinh đẹp, rời bỏ XÓM LÀNG, ôm con chạy vô rừng KIẾM CƠM - tập 1257"	"191,894"	"2,970"	118		
"Lời tâm sự nghẹn ngào của chị "" Mặt Bướu "" sau 18 năm nuôi hy vọng cứu chữa bệnh - tập 583"	"191,292"	"4,218"	561		
"ANH CHÀNG mồ côi Cha Mẹ, được tặng XE MÁY mới - tập 1606"	"191,270"	"3,920"	365		
2 VỢ CHỒNG trẻ bật khóc nức nở vì được tặng món quà TO LỚN - tập 1718	"191,149"	"3,810"	226		
"VÙNG ĐẤT xem nước như vàng, thiếu NƯỚC là mất đi sự sống - tập 1331"	"191,008"	"3,217"	145		
"MÓN QUÀ vô giá, 2 vợ chồng sống TRÚ ẨN ở trong rừng, THAY ĐỔI cuộc sống mới - tập 1108"	"190,523"	"4,127"	393		
"Tập huấn luyện cho chú chó rừng đáng thương, và nấu bữa cơm ngon cho lượm - tập 13"	"190,510"	"3,690"	574		
"VỢ HIỀN, con ngoan, 2 mẹ con bị chồng VÔ TÂM bỏ rơi ở rừng - tập 1346"	"190,439"	"3,504"	168		
"MẤT CHA, chồng ra đi bỏ lại 2 đứa con thơ, CÔ GÁI gánh gồng nuôi mẹ, nuôi con - tập 1114"	"190,190"	"4,399"	189		
"CHÀNG TRAI bị rắn cắn, bại liệt nằm bất động, BẤT NGỜ nhận được số TIỀN lớn - tập 853"	"190,124"	"3,936"	213		
"CHÀNG TRAI may mắn, từ nghèo khó vượt lên THAY ĐỔI cuộc sống - tập 1483"	"189,807"	"4,234"	637		
Người phụ nữ sống với thú vật trên núi như người rừng bất ngờ nhận nhà mới - tập 455	"189,801"	"2,428"	149		
"Hai vợ chồng nghèo vĩ đại, bán hết gia tài, vay mượn tiền nuôi con người dưng - tập 626"	"189,286"	"3,005"	114		
"CÔ GÁI nghèo, ở nơi hẻo lánh, sống TẠM BỢ trong căn chòi MỤC NÁT - tập 1679"	"189,087"	"3,094"	144		
"GÁNH QUÀ yêu thương vào rừng, CỨU TRỢ nhu yếu phẩm, cho người nghèo - tập 1057"	"189,078"	"3,521"	213		
"2 VỢ CHỒNG nghèo thật thà, làm việc vất vả vẫn không ĐỦ ĂN - tập 1514"	"188,924"	"3,713"	255		
"CẢ GIA ĐÌNH nghèo sống lang thang, không có nơi NƯƠNG TỰA - tập 1549"	"188,773"	"3,455"	386		
"HAI TÍ đi đêm bị rắn cắn, NỬA ĐÊM lang thang ở rừng gặp RẮN - tập 1201"	"188,731"	"3,984"	240		
"ÔNG LÃO 97 tuổi khỏe như trai trẻ, ở trong căn CHÒI RÁCH - tập 1766"	"188,639"	"4,205"	347		
"VƯỢT ĐÈO lội suối nước, trao tặng ĐỒ ĂN cho người nghèo mùa MƯA LŨ - tập 1574"	"188,531"	"3,154"	186		
"XÓT THƯƠNG anh chàng khuyết tật, rời bỏ NGÔI LÀNG lên núi ở ẩn, sống cách biệt - tập 1391"	"188,522"	"3,906"	373		
"Vượt sóng gió, bất chấp ngủ ngoài bụi giải cứu con chó bị giang hồ xiềng xích ngược đãi - tập 425"	"188,392"	"3,667"	392		
"THĂM NHÀ vợ chồng em bảo, cả gia đình ở tận RỪNG SÂU - tập 1782"	"188,247"	"3,940"	368		
"Niềm vui nhân đôi, bác sĩ nhận ca mổ khó của cậu bé ""Mặt Bướu"" 13 tuổi giống như chị xinh - tập 589"	"188,040"	"4,475"	428		
"TẶNG BỒN chứa nước sạch cho người nghèo, THAY ĐỔI cuộc sống - tập 1471"	"187,674"	"4,569"	367		
"HƠN 20 năm, chăn CỪU DÊ mướn, ăn ngủ ở rừng, trong CĂN NHÀ mục nát - tập 1197"	"187,639"	"3,847"	180		
"TẶNG NHÀ cho người nghèo, em BẢO gặp sự cố LỚN - tập 1702"	"187,487"	"4,289"	311		
"BẤT NGỜ ân nhân tặng món quà lớn cho người nghèo, trao tặng XE MÁY - tập 1551"	"187,364"	"3,868"	271		
"XÓA NỢ cho người nghèo, CÔ GÁI bật khóc nức nở, cứ ngỡ là GIẤC MƠ - tập 1361"	"186,999"	"3,977"	223		
"Giây phút "" Hồi Hộp "" chị mặt bướu cạo trọc đầu ̣đưa vào phòng giải phẫu - tập 577"	"186,962"	"3,402"	962		
"ĂN MỪNG 500.000 người đăng ký, HÀNH TRÌNH 6 NĂM - tập 1406"	"186,773"	"4,642"	417		
Hành trình đưa món quà đặc biệt lên đỉnh núi cao 650 mét tặng hai chú cháu bị câm điếc - tập 481	"186,301"	"3,416"	391		
"DỌN DẸP sạch sẽ, căn nhà bỏ hoang chứa rác của BÀ LÃO - tập 1621"	"186,101"	"3,979"	448		
"MÓN QUÀ của người nghèo, trao tặng GÀ LANG THANG - tập 1420"	"186,047"	"3,791"	227		
TIN VUI em bảo đã có cơ hội được CHỮA BỆNH - tập 1751	"186,022"	"4,541"	348		
"NGƯỜI RỪNG vui mừng vì được xây nhà mới, sau nhiều năm sống vất vả nơi hẻo lánh - tập 771"	"185,401"	"3,672"	383		
"LEO NÚI vào tận rừng sâu, đi tìm VỢ CHỒNG nghèo trú ẩn nơi HẺO LÁNH - tập 1819"	"185,279"	"3,510"	194		
"GÁNH QUÀ lên núi cao, giúp đỡ người nghèo VƯỢT KHÓ - tập 1800"	"184,954"	"3,576"	284		
"ÔNG LÃO sống ngay NGHĨA ĐỊA, bị vợ ĐỐT NHÀ rồi bỏ CHỒNG CON ra đi - tập 806"	"184,890"	"3,732"	407		
"TIN VUI, quý hơn VÀNG của ÔNG LÃO sống trú ẩn trong căn nhà hoang - tập 777"	"184,860"	"4,432"	902		
"TẬN CÙNG của nỗi khổ, lời nguyền BÍ ẨN của người nghèo, BỆNH TẬT đeo bám, từ MẸ đến CON - tập 984"	"184,055"	"3,574"	116		
"KHÔNG CÓ GÌ ĂN, lên núi tìm sự sống, CƠM ăn không no, thiếu NƯỚC UỐNG - tập 1389"	"183,676"	"3,605"	199		
"THỬ LÒNG cô gái nghèo thật thà ở rẫy, trú tạm bợ cái lều CHẮP VÁ - tập 1807"	"183,615"	"3,921"	412		
"TƯƠNG LAI mịt mù hơn nửa đời người, làm việc vất vả nhưng vẫn THIẾU ĂN - tập 1439"	"183,532"	"3,390"	212		
"Ông bà cụ dễ thương nhất núi rừng, sống trong căn nhà rách nát nhìn thấy mà xót xa - tập 687"	"183,504"	"2,513"	126		
"KHUÔN MẶT đáng thương, 40 tuổi mà nhìn DA MẶT như tuổi 60 - tập 1208"	"183,376"	"3,785"	182		
"ÉO LE cuộc tình, 2 người ĐÀN BÀ đi tìm ĐÀN ÔNG lạ, để xin được có CON NUÔI - tập 971"	"183,334"	"3,035"	98		
"CĂN NHÀ như ổ chuột, nơi ở TẠM BỢ của gia đình nghèo - tập 1575"	"183,213"	"2,967"	153		
"GIA ĐÌNH nghèo ở tạm CÁI CHÒI rách xiêng xẹo, mưa gió ướt như CHUỘT - tập 1723"	"183,108"	"3,332"	170		
"TẠI SAO chia tay ÔNG LÃO sống trong căn nhà hoang, không giúp đỡ ÔNG BẢY nữa - tập 790"	"182,817"	"4,722"	605		
"ÔNG CHÚ sống tạm bợ căn chòi rách nát TẢ TƠI, lượm rác ĂN UỐNG - tập 1584"	"182,811"	"3,264"	258		
"BÍ MẬT giữa đêm khuya, của GÀ LANG THANG - tập 1225"	"182,513"	"3,797"	253		
"2 MẸ CON nghèo ở trong rừng, sống tạm bợ CĂN CHÒI cũ nát - tập 1648"	"182,200"	"3,479"	243		
"TRỜI MƯA giông bão, lội nước sình lầy, trơn trượt vẫn không LÙI BƯỚC - tập 1192"	"182,100"	"3,715"	222		
"LEO LÊN đỉnh núi cao, đi tìm người đàn ông sống như NGƯỜI RỪNG - tập 1773"	"181,813"	"4,879"	358		
"BẾ TẮC cả gia đình rời xa NGÔI LÀNG, đi tìm bữa cơm, sống TẠM BỢ - tập 1271"	"181,643"	"2,643"	100		
"SỰ THẬT, cháu gái của ÔNG LÃO dụ dỗ ông bán hết VƯỜN ĐẤT đi lang thang - tập 774"	"181,163"	"3,810"	481		
"VƯỢT ĐÈO dốc đá, giúp đỡ 2 vợ chồng nghèo ở RẪY RỪNG - tập 1803"	"181,004"	"3,415"	306		
"Mang ánh sáng lên vùng núi cao, thắp sáng cả ngôi làng nghèo tơi tả bị lãng quên - tập 486"	"180,728"	"2,813"	258		
2 MẸ CON sống tạm bợ căn chòi mục nát KIẾM CƠM - tập 1567	"180,390"	"2,707"	159		
"ĐÀO GIẾNG tìm sự sống, cung cấp nguồn NƯỚC SẠCH cho người nghèo - tập 1734"	"180,177"	"3,861"	311		
"CÔ GÁI nghèo mồ côi Cha Mẹ, vất vả tìm kiếm từng BỮA CƠM - tập 1706"	"180,025"	"3,659"	271		
"LỤM CỦI đổi cơm gạo, MẸ GIÀ ăn ngủ ở rừng, trong CĂN NHÀ mục nát - tập 1079"	"180,021"	"3,898"	245		
"TẬN CÙNG của nỗi khổ, tuổi già neo đơn, không nơi NƯƠNG TỰA - tập 1616"	"179,853"	"3,266"	196		
CĂN NHÀ rách tả tơi và người PHỤ NỮ nghèo - tập 1685	"179,822"	"3,275"	261		
"ÔNG CỤ ở trong căn chòi rách tả tơi, làm từ RÁC THẢI - tập 1710"	"179,768"	"3,069"	240		
"Chị Xinh không tin sự thật, sau khi ngủ dậy "" Cục Bướu "" to đùng biến mất như một phép màu - tập 590"	"179,758"	"4,017"	669		
"ÔNG BÁC nghèo ở trong căn chòi mục nát, bữa đói, BỮA NO - tập 1611"	"179,570"	"3,832"	401		
"HÀNH TRÌNH vượt 7000 cây số, lên núi TẶNG QUÀ cho người nghèo khó - tập 1333"	"179,378"	"3,297"	165		
"Bất ngờ nhìn thấy chị Pinăng Thị Xinh mà cứ tưởng là ai, sau một thời gian gặp lại - tập 612"	"178,939"	"3,469"	194		
Khám phá khu vườn trái cây bí ẩn trên đỉnh núi cao - tập 108	"178,897"	"2,923"	362		
"BÀ CỤ nghèo, lượm phân bò nuôi ÔNG CỤ, sống tạm bợ để TỒN TẠI - tập 1649"	"178,661"	"3,296"	211		
3 MẸ CON nghèo ở tạm bợ trong căn nhà MỤC NÁT - tập 1619	"177,439"	"3,650"	232		
"28 TẾT vượt đèo dốc đá, trao tặng MÓN QUÀ ân nhân đến tay người nghèo - tập 1659"	"177,306"	"3,002"	159		
"LẮNG NGHE tiếng lòng của người nghèo, nỗi khổ nào cũng đã từng TRẢI QUA - tập 1672"	"176,466"	"3,119"	178		
"GIẤC MƠ của người nghèo, bỗng hóa thành sự thật, CĂN NHÀ mơ ước - tập 1163"	"176,366"	"3,975"	170		
"ĐÀO GIẾNG số 8, đi tìm nước sạch cho người nghèo SỬ DỤNG - tập 1754"	"176,303"	"3,325"	265		
"HẾT GẠO ăn khoai mì thay CƠM, ở trong CĂN NHÀ mục nát, trên ngọn NÚI CAO - tập 1176"	"176,233"	"4,056"	228		
TẶNG NHÀ vệ sinh cho 7 anh em mồ côi CHA MẸ - tập 1775	"176,121"	"4,200"	390		
2 VỢ CHỒNG nghèo sống TẠM BỢ trong căn nhà CŨ NÁT - tập 1548	"175,752"	"3,414"	168		
"Xúc động, chú chó vui mừng muốn khóc ôm lấy Gà vì Gà đã cứu 3 bé thoát khỏi lò mổ - tập 406"	"175,616"	"4,541"	427		
"CẢ ĐỜI lam lũ, vẫn không đủ ăn, ở NGÔI NHÀ dột nát, trời mưa bão tìm chỗ TRÚ MƯA - tập 1102"	"175,167"	"4,449"	322		
"2 VỢ CHỒNG nghèo ở tận rừng sâu, sống cách biệt với THÀNH PHỐ - tập 1784"	"174,928"	"3,240"	202		
"CẢM ƠN ân nhân đã giúp đỡ người nghèo, THÀNH QUẢ tốt đẹp - tập 1413"	"174,869"	"3,589"	257		
"CHỦ ĐẤT quay về, có thể ÔNG LÃO sống trong căn nhà hoang, bị đuổi ra khỏi nhà - tập 783"	"174,687"	"4,039"	596		
"Tái mặt khi nhìn thấy cảnh này, người đàn ông nằm bất động trong căn nhà rách nát - tập 662"	"174,418"	"3,187"	189		
"2 MẸ CON nghèo ở dưới gốc cây, trong CĂN NHÀ mục nát - tập 1506"	"174,331"	"3,715"	218		
"CHÀNG TRAI, có gương mặt giống NGƯỜI SÓI, ăn ở căn nhà MỤC NÁT - tập 1295"	"174,295"	"3,298"	158		
"CÔ GÁI nghèo, nhận được tin vui, THAY ĐỔI cuộc sống mới - tập 1444"	"174,189"	"3,693"	285		
"CỤ BÀ ở trong rừng, ăn lá ĐU ĐỦ để sống, không dám nấu CƠM ăn vì sợ hết GẠO - tập 936"	"174,125"	"3,516"	132		
"VÙNG ĐẤT khô hạn, nơi ở của người nghèo, chó ăn đá, gà ĂN SỎI - tập 1683"	"173,988"	"3,191"	161		
"ÔNG CỤ lượm rác kiếm ăn, sống tạm bợ ở căn chòi làm từ RÁC THẢI - tập 1586"	"173,620"	"3,907"	527		
"Người chồng vô tâm, thấy vợ gặp nạ.n, chê gia đình vợ nghèo, tàn tật, ôm con bỏ đi - tập 679"	"173,515"	"2,547"	123		
"MÙNG 2 TẾT ăn ké món ăn của người nghèo, ĐẮNG LÈ LƯỠI - tập 1662"	"173,508"	"3,089"	191		
2 MẸ CON nghèo xúc động vì được ÂN NHÂN giúp đỡ QUÀ LỚN - tập 1789	"173,341"	"3,373"	211		
Đi tìm nguồn NƯỚC SẠCH cho ÔNG LÃO sống trong căn nhà hoang - tập 776	"173,225"	"4,514"	633		
"ĐI TÌM miếng ăn, rời bỏ làng che CÁI LỀU rách sống TẠM BỢ - tập 1790"	"173,131"	"2,825"	124		
"LÝ DO tại sao, ANH TÍN & ANH TÍ rời team GÀ LANG THANG - tập 1571"	"173,119"	"4,592"	386		
"GÀ TRỐNG nuôi con, vợ mê trai bỏ nhà ra đi theo NHÂN TÌNH mới - tập 1373"	"173,104"	"3,605"	186		
"BẬT MÍ, món quà lớn, 2 MẸ CON vui mừng, không thể tả, được TẶNG món quà TO LỚN - tập 1288"	"172,156"	"3,383"	151		
"VỢ MẤT, người đàn ông sống LỦI THỦI ở rừng, ăn lá cây, MUỐI ỚT - tập 1258"	"171,933"	"2,994"	146		
"VƯỢT KHÓ, mang thức ăn lên tận núi cao, hỗ trợ cho CỤ BÀ sống ẨN CƯ trong rừng - tập 728"	"171,914"	"2,680"	104		
"2 VỢ CHỒNG nghèo khổ, dắt nhau lên rẫy dựng chòi ở TẠM BỢ - tập 1673"	"171,903"	"2,887"	145		
"ĐÊM TỐI, lên núi gặp 2 cha con NGƯỜI RỪNG, và nghe câu chuyện RÙNG RỢN, không dám về nhà - tập 810"	"171,828"	"3,901"	296		
"CHA MẸ nghèo, con cái nối theo, CẢ ĐỜI làm việc vất vả, vẫn THIẾU ĂN - tập 1193"	"171,524"	"3,344"	168		
KẾ HOẠCH giúp người nghèo phát triển đời sống VƯƠN LÊN - tập 1772	"171,368"	"3,263"	187		
"CHỊ CA người bạn đồng hành cùng HAI TÍ, bật khóc nức nở - tập 1318"	"171,325"	"3,986"	383		
"CÔ GÁI khuyết tật BÒ LẾCH trong rừng kiếm cơm, ƯỚC MƠ tìm lại ĐÔI CHÂN - tập 969"	"171,238"	"3,854"	220		
"CƠM ÁO gạo tiền, cả đời làm việc kiệt sức nhưng vẫn THIẾU ĂN - tập 1350"	"170,802"	"3,043"	221		
"ÔNG CỤ sống tạm bợ ở căn chòi làm từ RÁC THẢI, chuẩn bị có NHÀ MỚI - tập 1587"	"170,225"	"3,949"	603		
Khám phá núi rừng - lạc vào rừng sâu nơi hoang dã - tập 134	"170,221"	"3,307"	460		
"Con chó hung dữ làm biết bao người khiếp sợ, giờ nũng nịu như một đứa trẻ - tập 412"	"170,024"	"3,163"	268		
"LỤM RÁC kiếm cơm, 2 VỢ CHỒNG trú ẩn ở rừng, ăn KHOAI MÌ để tồn tại - tập 1128"	"169,307"	"4,150"	187		
"LÁ CÂY món ăn cứu đói của người nghèo, ăn là GHIỀN - tập 1327"	"168,920"	"2,900"	161		
"TẾT của người nghèo, chuyến xe VƯỢT ĐÈO dốc, đưa MÓN QUÀ yêu thương VÀO RỪNG - tập 963"	"168,485"	"3,790"	182		
"PHÂN BIỆT dân tộc, bạn bè chê nhà nghèo, CÔ BÉ bỏ học lên núi CHĂN BÒ - tập 1265"	"168,237"	"2,812"	102		
PHỤ TÌNH người đàn ông hóa điên sống trong BÃI RÁC - tập 1596	"168,131"	"3,018"	219		
"CÔ GÁI da đen, ở trong căn chòi rách tả tơi, được ân nhân tặng QUÀ LỚN - tập 1739"	"168,038"	"3,969"	358		
"CĂN CHÒI rách che chở người nghèo, nơi TRÚ ẨN tạm bợ để kiếm cơm - tập 1651"	"168,026"	"2,905"	201		
"TRAO TẶNG ngôi nhà đẹp lung linh, CẢ XÓM ai nhìn thấy cũng ƯỚC MƠ - tập 1297"	"168,000"	"3,652"	318		
"2 VỢ CHỒNG nghèo, bất ngờ đổi đời sau một đêm, VUI NHƯ TẾT - tập 1562"	"167,875"	"3,516"	323		
"NGƯỜI ĐÀN BÀ ẩn cư trong rừng, CƠM không có ăn, ở trong CĂN NHÀ rách nát TE TUA - tập 959"	"167,266"	"3,481"	170		
"KIỆT SỨC vì giúp đỡ người nghèo, 3 anh em lạc Ở RỪNG - tập 1756"	"167,176"	"4,229"	428		
"2 CHA CON ở trong căn chòi rách TE TUA, bất ngờ được TẶNG món quà MƠ ƯỚC - tập 1153"	"166,799"	"3,880"	198		
"Tìm lại sự sống cho cô gái có khuôn mặt giống như 2 cái đầu, căn bệnh lạ - tập 521"	"166,738"	"2,170"	351		
"Lời tâm sự của GÀ LANG THANG và anh HAI TÍ, trở về quá khứ cơ cực - tập 1097"	"166,604"	"4,791"	400		
"TẬN CÙNG của sự nghèo khổ, 2 mẹ con ở trong CĂN NHÀ mục nát, có rất nhiều RẮN - tập 1156"	"166,519"	"3,789"	237		
"BỎ LÀNG xa xóm, đi tìm BỮA CƠM lót dạ, lụm phân đổi GẠO - tập 1158"	"166,208"	"3,577"	140		
"KẺ GIẤU MẶT ăn của người nghèo, xin không cho, mua không bán, tự nhiên BIẾN MẤT - tập 1527"	"165,938"	"3,711"	272		
"XÓT XA vợ chồng nghèo xơ xác, thiếu ăn phải đi xin TỪNG BỮA - tập 1722"	"165,766"	"3,159"	293		
"XÓT XA cô gái nhà nghèo, bị chồng bỏ rơi, ở nhà rách, ăn LÁ CÂY để tồn tại - tập 1827"	"165,751"	"3,040"	259		
"ĐÀO ĐẤT tìm sự sống ngầm, giúp người nghèo có NƯỚC SẠCH - tập 1724"	"165,727"	"3,549"	293		
"CÁ KHÔ quý như vàng của người nghèo, ăn no bụng để TỒN TẠI - tập 1425"	"165,240"	"3,257"	181		
"CHÀNG TRAI nghèo ở trên núi, được ân nhân tặng cần CÂU CƠM - tập 1553"	"165,067"	"3,329"	335		
"Người mẹ trẻ bị bệnh gan, van xin cầu cứu để được sống với con gái thơ dại - tập 655"	"165,032"	"2,552"	132		
"Cụ bà sống trong căn nhà rách nát, xúc động vì được tặng món quà ấm áp yêu thương - tập 435"	"165,014"	"2,121"	144		
"TRỜI MƯA giông bão, vượt đèo, lội suối, TẶNG QUÀ cho người nghèo - tập 1169"	"164,748"	"4,073"	260		
"SỬA XE miễn phí cho người nghèo, tiệm sửa xe đông khách nhất MIỀN NÚI - tập 1423"	"164,625"	"3,184"	204		
"PHÉP MÀU, tấm lòng vàng MTQ giúp người nghèo vượt qua SỐ PHẬN - tập 1337"	"164,388"	"3,329"	302		
Người dân nghèo miền núi chưa bao giờ được nhìn thấy và ăn bánh trung thu - tập 488	"164,308"	"2,825"	150		
"THÀ NHỊN đói chứ không ĂN XIN, lòng tự trọng của người nghèo - tập 1668"	"163,887"	"3,003"	147		
HIẾU THẢO người phụ nữ nghèo nhất XÓM LÀNG gồng gánh cả gia đình - tập 1618	"163,883"	"3,435"	227		
"VƯỢT ĐÈO dốc đá, hành trình xây dựng ƯỚC MƠ cho người nghèo - tập 1164"	"163,587"	"4,278"	224		
"NHÀ CŨ hóa nhà mới, chắp cánh ước mơ, cho người nghèo khó - tập 1328"	"163,541"	"3,550"	224		
"KÉO ỐNG lên đỉnh núi cao, lấy nguồn nước sạch cho người nghèo TRỒNG CÂY - tập 1831"	"163,393"	"3,147"	199		
"2 VỢ CHỒNG ở chòi rách, được TẶNG nhà mới & số TIỀN LỚN - tập 1622"	"163,363"	"3,482"	291		
"Mình đã thuần được chú chó rừng đáng thương rồi, vui quá mọi người ơi - tập 10"	"163,105"	"3,604"	465		
"CÒNG LƯNG gánh quà lên núi, LẠC trên ngọn núi cao, ĐÊM TỐI không thấy đường về - tập 833"	"163,094"	"3,991"	257		
"CÔ GÁI ở trong rừng, bị HEO RỪNG đến nhà HỎI THĂM - tập 1463"	"163,030"	"3,697"	211		
"MÙNG 3 TẾT, tặng lì xì to lớn cho người nghèo, 2 vợ chồng VUI MỪNG, rớt nước mắt - tập 1283"	"163,007"	"3,488"	217		
"TRAO TẶNG ngôi nhà mơ ước, cho người nghèo, cứ ngỡ là GIẤC MƠ - tập 1218"	"162,925"	"3,440"	229		
"2 VỢ CHỒNG cả đời chăn bò mướn, VẤT VẢ quanh năm, vẫn không đủ sống - tập 1202"	"162,729"	"3,310"	144		
"TIỆM TẠP HOÁ nghèo nhất thế giới, ở trong rừng - tập 1371"	"162,290"	"3,222"	231		
"VÙNG NÚI khắc nghiệt của người nghèo, CƠM không đủ ăn, NHÀ CỬA rách nát tơi tả - tập 986"	"162,082"	"3,097"	167		
"BẮT KIẾN đổi cơm, hàng triệu CON KIẾN cắn tả tơi, ai cũng BỎ CHẠY - tập 983"	"162,035"	"2,962"	325		
"CÔ GÁI nghèo vượt khó, Mẹ kiếm từng bữa ăn, Cha rượu chè bê tha, gia đình TAN RÃ - tập 1360"	"161,086"	"3,315"	257		
NẮNG HẠN bà con nghèo vui như TẾT khi nhận quà ĐẶC BIỆT - tập 1709	"160,715"	"3,363"	214		
"BỮA CƠM nghèo nhất ở rẫy, ăn để no bụng TỒN TẠI - tập 1765"	"160,556"	"3,265"	191		
"HẾT GẠO ăn lá cây, đi vào rừng kiếm CƠM ăn, duy trì sự sống, bữa đói, BỮA NO - tập 988"	"160,466"	"4,094"	361		
"CÔ BÉ 11 tuổi, gánh cả gia đình, LƯỢM RÁC kiếm tiền, nuôi người mẹ ĐIÊN - tập 1237"	"160,206"	"3,238"	192		
"Đi tìm tổ chim - 1 tổ cu gáy, 1 tổ cu nhiều màu sắc, và nhặt tổ chim bán tiền triệu"	"160,133"	"1,568"	227		
"Cụ bà nuôi chó mèo làm con, sống trong ngôi nhà rách nát giữa rừng núi hoang vu - tập 571"	"159,569"	"2,386"	90		
"Ước mơ tan vỡ của cô bé 12 tuổi miền núi, tá hoả vì biết bé mắc căn bệnh hiểm nghèo - tập 696"	"159,544"	"2,396"	70		
"ÔNG BÀ lão, ở căn nhà mục nát, VUI MỪNG vì được TẶNG ngôi nhà mới - tập 1222"	"159,388"	"3,455"	321		
"VỢ CHỒNG đôi đũa lệch, nghèo khổ, sống trong CĂN NHÀ mục nát, rách te tua - tập 1390"	"159,093"	"2,811"	121		
"GÀ ĐẺ trứng vàng, bà con vui mừng như trúng số, cảm ơn ÂN NHÂN - tập 1377"	"158,680"	"3,411"	250		
"BỮA CƠM đạm bạc của người nghèo, không phải ai cũng DÁM ĂN - tập 1787"	"158,582"	"3,057"	191		
"VƯỢT SÔNG giúp người, lần đầu tiên lấy hết CAN ĐẢM, chèo xuồng qua sông lớn - tập 1216"	"158,241"	"3,279"	231		
"BẮT CHUỘT ăn thịt, bữa ăn CƠM của người nghèo, ĐÓI KHỔ có gì ăn nấy - tập 980"	"158,183"	"3,106"	167		
"Xót thương, bé gái 11 tuổi mang căn bệnh lạ, từng tắt thở mất đi sống lại 7 lần - tập 547"	"157,945"	"2,178"	187		
"Rớt nước mắt, khi nhìn hoàn cảnh cơm không có ăn, ăn khoai mì để sống qua ngày - tập 138"	"157,835"	"1,919"	173		
"ĐAU XÓT, người phụ nữ leo lên cây HÁI LÁ RỪNG, không may bị ngã - tập 725"	"157,753"	"2,576"	85		
"QUYẾT TÂM thay đổi cuộc sống mới cho người nghèo khổ, giọt nước mắt HẠNH PHÚC - tập 1381"	"157,686"	"3,125"	181		
"DẮT NHAU lên núi ở, 2 vợ chồng nghèo trú tạm CÁI CHÒI mục nát - tập 1721"	"157,660"	"2,763"	186		
ÔNG CỤ sống lang thang ở tạm bợ trong CĂN CHÒI mục nát - tập 1639	"157,611"	"3,144"	204		
"Lời tri ân đến các bác sĩ, y tá bệnh viện và lộ diện hình ảnh người bác sĩ đã cứu chị Xinh - tập 593"	"157,566"	"2,841"	273		
"MẸ GIÀ dắt con trai khờ lên núi KIẾM CƠM, ăn lá đu đủ, chấm MUỐI ỚT để tồn tại - tập 1138"	"157,550"	"3,966"	168		
"BỎ PHỐ lên rừng ở, sống cách biệt, ăn lá cây, CỦ RỪNG để tồn tại - tập 1262"	"157,320"	"3,085"	240		
"Trời mưa bão, nhiều người nghèo mất việc làm, cơm không đủ ăn - tập 507"	"157,194"	"2,000"	85		
"MÓN QUÀ đặc biệt, tặng ÔNG LÃO 91 tuổi sống trong NHÀ HOANG - tập 1767"	"157,056"	"4,229"	459		
"GIA ĐÌNH nghèo, được ân nhân giúp đỡ, THAY ĐỔI cuộc đời - tập 1554"	"156,740"	"2,833"	174		
"CÔ GÁI nghèo dễ thương ở tạm bợ căn chòi rách, được ân nhân tặng QUÀ LỚN - tập 1771"	"156,736"	"3,180"	212		
"ÔNG LÃO sống ở nhà hoang bị người LẠ MẶT đến đuổi đi, mặt trái SỰ THẬT - tập 1769"	"156,557"	"4,224"	356		
"BỮA ĐÓI, bữa no, hơn 20 năm ở trong rừng, có gì ĂN NẤY - tập 1467"	"156,498"	"2,865"	163		
"ƯỚC MƠ đứa trẻ mồ côi, em bảo từ bỏ tất cả làm nhà cho BÀ & MẸ - tập 1781"	"156,237"	"3,336"	243		
"2 VỢ CHỒNG trẻ nghèo, dắt nhau đi tìm SỰ SỐNG - tập 1637"	"156,138"	"3,142"	233		
"LẠI THÊM một hoàn cảnh nữa thoát nghèo, 60 năm đợi chờ ngày HÔM NAY - tập 1380"	"155,982"	"4,128"	289		
"BÀ LÃO neo đơn, sống tạm bợ trong CĂN NHÀ bỏ hoang dột nát - tập 1620"	"155,878"	"3,168"	288		
"LEO NÚI tìm kiếm người ĐÀN ÔNG sống ở ẩn trong RỪNG, trên ngọn NÚI CAO - tập 901"	"155,692"	"3,264"	101		
PHÉP MÀU cô gái mặt bướu đã thay đổi KHUÔN MẶT - tập 1780	"155,412"	"3,878"	240		
Đàn chó 27 con của người phụ nữ nhặt ve chai bị kẻ xấu bỏ thuốc đ.ộ.c sát hại - tập 317	"155,021"	"2,867"	197		
"CHỊ GÁI khờ sẽ đi về đâu, sống như thế nào, khi không còn CHA bên cạnh nữa - tập 849"	"155,005"	"3,889"	456		
"HÀNH TRÌNH vất vả, đưa NGÔI NHÀ lên đỉnh núi, gặp sự cố giữa ĐÊM KHUYA - tập 873"	"154,750"	"3,956"	232		
"CÔ GÁI chăn bò mướn, LƯỢM PHÂN đổi gạo ăn - tập 1273"	"154,643"	"2,741"	106		
"BỮA ĂN nghèo nhất, sống tạm bợ cho qua ngày, có cái gì, ăn CÁI NẤY - tập 1443"	"154,482"	"2,720"	150		
"ĐI TÌM sự sống cho người nghèo, leo lên đỉnh núi cao kéo NƯỚC SẠCH - tập 1761"	"154,299"	"3,764"	287		
"CẢ LÀNG vui sướng vì đã có nước sạch, cứ ngỡ là GIẤC MƠ - tập 1428"	"154,197"	"4,448"	271		
"XỎ LÁ lấy tiền, việc nhẹ lương cao, ai cũng muốn làm KIẾM TIỀN - tập 1309"	"154,155"	"3,043"	124		
"CÔ GÁI xinh đẹp, ăn trái cây rừng, uống nước suối, để TỒN TẠI - tập 1166"	"154,118"	"3,532"	264		
"MÓN ĂN trời ban, trái cây rừng thiên nhiên, THƠM NGON, siêu rẻ tiền - tập 1145"	"154,110"	"3,471"	205		
"Cô gái xinh đẹp, có 3 đời chồng, 3 đứa con, chồng bỏ vợ bỏ con đi theo người tình mới - tập 572"	"153,956"	"2,340"	93		
"TẬN CÙNG cùng sự nghèo khổ, cả GIA ĐÌNH sống trong NGÔI NHÀ mục nát, CƠM không đủ ăn - tập 821"	"153,325"	"3,992"	204		
"Rớt nước mắt, gia đình nghèo, ăn cơm với muối ớt, lá cây rừng sinh sống - tập 522"	"153,308"	"2,322"	126		
"Cụ bà 100 tuổi khỏe như gái 18 chia sẻ bí kíp, ba đời sống thọ - tập 692"	"153,233"	"2,625"	201		
Con vật kì lạ bị xiềng xích trên rừng bày tỏ cảm xúc xin cầu cứu - tập 373	"152,997"	"3,379"	558		
"CÔ GÁI cứ ngỡ là mơ, BẤT NGỜ được TẶNG ngôi nhà đẹp lung linh - tập 1152"	"152,946"	"4,484"	238		
"MÓN ĂN cứu đói ở trên rừng, không phải ai cũng nhìn thấy, và được ĂN - tập 1107"	"152,925"	"3,973"	262		
"ĐÔI ĐŨA LỆCH, chị gái may mắn, lấy được chồng trẻ hơn mình 15 tuổi, cả xóm ghen tị - tập 727"	"152,857"	"2,294"	54		
"CÔ GÁI nghèo dễ thương ở trên rẫy, được ÂN NHÂN tặng quà TO LỚN - tập 1792"	"152,829"	"3,175"	185		
"GIA ĐÌNH nghèo, hơn 20 năm ở trong rừng, chăn bò mướn KIẾM CƠM - tập 1513"	"152,497"	"2,872"	171		
"PHẦN THƯỞNG xứng đáng cho người nghèo chịu khó, MÓN QUÀ từ ân nhân - tập 1450"	"152,497"	"3,099"	315		
"ÔNG LÃO sống trong CĂN NHÀ hoang, hiện tại cuộc sống ÔNG BẢY bất ổn - tập 830"	"152,388"	"4,236"	647		
"NGƯỜI PHỤ NỮ nghèo mạnh mẽ, dám nói dám làm VƯỢT KHÓ - tập 1770"	"152,382"	"3,303"	202		
Khám phá khu vườn trái cây bí ẩn trên đỉnh núi cao - tập 131 phần 2	"152,237"	"1,763"	141		
Ngôi nhà nhỏ thứ hai của GÀ LANG THANG - tập 416	"152,212"	"2,143"	168		
"NỬA ĐÊM, gặp người PHỤ NỮ này trong RỪNG, ở trong NGÔI NHÀ bí ẩn - tập 820"	"152,207"	"3,811"	319		
"Người phụ nữ mắc bệnh u gan sống ẩn danh trong khu rừng rậm, bất ngờ nhận số tiền lớn - tập 531"	"152,000"	"2,081"	128		
"NHẶT RÁC, bới từng bữa cơm, cả gia đình sống nhờ RÁC THẢI - tập 1335"	"151,934"	"2,838"	196		
"CẦN CÂU CƠM, gia đình nghèo được ân nhân trao tặng chiếc XE MÁY - tập 1550"	"151,748"	"3,189"	204		
"NƯỚC LÀ sự sống ở vùng đất khô hạn, ĐÀO GIẾNG cho người nghèo - tập 1716"	"151,724"	"3,760"	246		
"NẮNG CHÁY da người, vượt khó để mang MÓN QUÀ to lớn về nhà - tập 1287"	"150,991"	"2,844"	167		
"HÀNH TRÌNH xây dựng CÂY CẦU mơ ước, 1000 NĂM mới có 1 lần - tập 950"	"150,951"	"3,565"	200		
"TẬN CÙNG của nỗi khổ, 60 năm nghèo khó, kiếp sau xin trở thành CÁT BỤI - tập 1301"	"150,766"	"3,320"	205		
"BỮA CƠM rẻ tiền của người nghèo, ăn no cái bụng để TỒN TẠI - tập 1715"	"150,529"	"2,917"	237		
"THỬ LÒNG bà cụ dễ thương, và câu chuyện BẤT NGỜ khiến ai cũng BẬT CƯỜI - tập 1576"	"150,495"	"3,188"	161		
"BÁN MẶT cho đất, bán lưng cho trời, cả đời LAM LŨ, vẫn không đủ ăn - tập 1308"	"150,330"	"2,619"	138		
"Giải cứu chú chó đáng thương bị bỏ rơi, đói khát, ốm lòi xương đi lang thang - tập 67"	"150,261"	"3,001"	311		
"2 VỢ CHỒNG nghèo khổ, sống tạm bợ căn chòi rách, khu MỒ MẢ - tập 1597"	"149,938"	"3,349"	284		
"BÀ CON nghèo bật khóc nức nở, bới đất kiếm TIỀN TRIỆU - tập 1687"	"149,890"	"3,642"	300		
"GIẤC MƠ mang tên MTQ, lấy nhà cũ, đổi nhà mới, NGÔI NHÀ đẹp lung linh - tập 1212"	"149,771"	"3,499"	319		
"KÉO NƯỚC cho người nghèo, trồng cây ĂN QUẢ, quyết tâm PHÁT TRIỂN - tập 1762"	"149,677"	"3,414"	270		
"ÔNG BÀ CỤ, ở trong RỪNG vui mừng nhảy TƯNG BỪNG, vì được TẶNG nhà mới - tập 842"	"149,568"	"3,506"	148		
"TẬN CÙNG của nỗi khổ, BẾ TẮC cơm không đủ ăn, lượm PHÂN BÒ đổi CƠM GẠO - tập 913"	"149,469"	"3,192"	118		
27 TẾT trao tặng MÓN QUÀ mơ ước cho người nghèo - tập 1658	"149,304"	"3,125"	190		
"ĂN LÁ CÂY, chỉ cần no bụng là đủ, không ăn thì ĐÓI - tập 1364"	"149,244"	"2,907"	227		
HẠT GIỐNG ân nhân đã cho QUẢ NGỌT bà con nghèo trúng bắp BỘI THU - tập 1804	"148,894"	"3,275"	231		
"TRAO TẶNG món quà lớn từ ÂN NHÂN, giúp đỡ người nghèo VƯỢT KHÓ - tập 1498"	"148,540"	"3,340"	180		
Bất ngờ “ GÀ LANG THANG “ nhận số tiền lớn cứu trợ người nghèo và trở lại thăm chị Xinh - tập 594	"148,065"	"3,737"	232		
"Đào hang sâu dưới đất bắt tổ chim, loài chim làm tổ dưới đất sâu nhất"	"148,056"	"1,299"	185		
"CÔ GÁI nhà nghèo, nỗ lực vượt khó, tìm kiếm từng BỮA ĂN - tập 1822"	"147,912"	"3,099"	203		
BẤT NGỜ gia đình nghèo ở căn chòi rách được ân nhân tặng NHÀ MỚI - tập 1688	"147,812"	"3,315"	173		
"GÀ TRỐNG nuôi con, ăn bờ ngủ bụi, bữa đói BỮA NO - tập 1820"	"147,566"	"3,181"	176		
"NHÀ THƠ bụi đời, ÔNG LÃO thầm thương một người CON GÁI, cười ra nước mắt - tập 791"	"147,155"	"3,427"	681		
"Trở về thời nguyên thủy, 2 ông bà cụ sống trên đỉnh núi, 1 túp lều tranh, 2 quả tim vàng - tập 642"	"146,980"	"2,371"	95		
"2 VỢ CHỒNG, bật khóc vì được tặng CƠM GẠO, đúng lúc đang đói ở rừng - tập 1251"	"146,719"	"3,009"	195		
"Rớt nước mắt, cô bé thần đồng miền núi 5 tuổi mắc bệnh hiểm nghèo, có biểu hiện khác lạ - tập 539"	"146,548"	"2,465"	145		
"MÓN QUÀ tặng người nghèo, NIỀM VUI vì có tiền mua GẠO ĂN - tập 1676"	"146,484"	"3,055"	159		
"BÀ CỤ lang thang kiếm từng BỮA CƠM, lượm chai nhựa ĐỔI GẠO - tập 1579"	"146,293"	"2,880"	175		
"KIỆT SỨC đi tìm sự sống, giúp đỡ người nghèo VƯỢT KHÓ - tập 1813"	"145,770"	"3,069"	251		
"CÔ GÁI trẻ, lượm rác thải KIẾM CƠM, xây tổ ấm để TỒN TẠI - tập 1150"	"145,407"	"4,099"	300		
"VUI MỪNG như trúng XỔ SỐ, người phụ nữ nuôi heo mướn, MAY MẮN nhất hôm nay - tập 1172"	"145,360"	"3,803"	341		
"Xúc động "" Cô Gái Mặt Bướu "" khóc nức nở vì nghe tin này của bác sĩ - tập 574"	"145,114"	"1,899"	227		
BÀ CỤ mồ côi không nhà cửa sống lang thang quét rác NHÀ CHÙA - tập 1801	"145,112"	"2,704"	193		
"CÔ GÁI hiếu thảo với cha mẹ, được TRỜI BAN món quà lớn - tập 1523"	"145,077"	"3,111"	229		
"NỤ CƯỜI hạnh phúc của người nghèo, khi được TẶNG nhiều món quà, CHƯA TỪNG CÓ - tập 1205"	"144,986"	"3,164"	165		
"XÂY DỰNG ước mơ cho người nghèo khổ, THAY ĐỔI tương lai - tập 1367"	"144,704"	"2,982"	136		
"Con cái bắt vợ, đi theo vợ, bỏ lại mẹ già sống bơ vơ một mình giữa núi rừng hoang vu - tập 563"	"144,454"	"2,139"	66		
"CÔ GÁI sử dụng tiền của ân nhân trao tặng, phát triển kinh tế LÀM GIÀU - tập 1753"	"144,429"	"3,349"	192		
"CÔ GÁI nghèo, bị mẹ ruột & cha dượng đuổi ra KHỎI NHÀ - tập 1623"	"144,397"	"3,207"	458		
"Bé lượm tái sinh trở về hiện thân vào một chú chó khác, câu chuyện rợn người có thật - tập 282"	"144,368"	"2,234"	332		
"Đi tìm tổ chim - bắt được con chim 9 màu sắc, và nhiều tổ chim khác lạ"	"144,302"	"3,493"	488		
"2 VỢ CHỒNG nghèo dắt nhau đi tìm BỮA CƠM, sống tạm căn chòi CHẮP VÁ - tập 1712"	"144,210"	"2,874"	133		
"BÍ ẨN, cụ bà sống biệt lập trong rừng, ở trong ngôi nhà rách nát - tập 738"	"144,037"	"2,532"	120		
"LŨ LỤT bà con thất thủ, mưa bão lớn ai cũng BỎ CHẠY - tập 1570"	"144,010"	"2,726"	220		
"2 MẸ CON nghèo ở rẫy, tạm trú trong cái chòi CŨ SÉT - tập 1808"	"143,745"	"2,748"	142		
"CUỘC SỐNG ông lão 96 tuổi ở căn chòi rách, THAY ĐỔI như thế nào - tập 1699"	"143,696"	"3,280"	192		
"TÌM KIẾM từng bữa ăn, người ĐÀN ÔNG rời xa ngôi làng, chạy vô trong rừng TRÚ ẨN - tập 1111"	"143,429"	"3,822"	182		
"BẤT NGỜ, cô bé 10 tuổi bị BỆNH NÃO, cứ ngỡ hết thuốc chữa, nhưng PHÉP MÀU đã đến với em - tập 719"	"143,374"	"2,829"	94		
"TRÁI CÂY rừng, món ăn ĐẶC SẢN của người miền núi, không phải ai cũng được ăn - tập 1137"	"143,333"	"3,584"	464		
"HÀNH TRÌNH vượt đèo dốc, lên đỉnh núi cao, hái TRÁI CÂY rừng thơm ngon - tập 930"	"143,288"	"2,852"	252		
ANH DUY nghỉ làm việc cùng với GÀ LANG THANG & EM BẢO - tập 1815	"142,859"	"4,142"	441		
"LŨ LỤT, người dân khổ càng thêm khổ, HẾT GẠO, ăn bắp - tập 1243"	"142,784"	"2,685"	129		
"Hành trình xây dựng 3 ngôi nhà cho người đồng bào nghèo vùng núi, ngày thứ 1 - tập 160"	"142,600"	"2,125"	171		
"BÍ ẨN người dân nghèo CẢ ĐỜI làm việc VẤT VẢ vẫn ôm dính NỢ, lý do TẠI SAO - tập 905"	"142,354"	"3,080"	197		
Thả những chú chim đáng thương về thiên nhiên và đưa bé cam đi bệnh viện - tập 38	"142,275"	"1,671"	290		
CĂN NHÀ mục nát che chở cả gia đình nghèo SUỐT 20 NĂM - tập 1558	"142,145"	"2,911"	144		
"ÔNG CỤ đi thăm người bạn, lần đầu ngại ngùng trước PHỤ NỮ - tập 1598"	"142,142"	"3,198"	248		
"ĂN NGỦ chuồng heo, để TỒN TẠI, người phụ nữ ƯỚC MƠ có cơm gạo ăn là đủ - tập 1159"	"142,142"	"3,647"	228		
"PHỤ NỮ nghèo ở rẫy rừng, NUÔI CÓC làm bạn, sống tạm bợ CĂN CHÒI rách - tập 1678"	"142,012"	"2,684"	175		
"Rớt nước mắt, khi nhìn thấy 2 đứa nhỏ bị con vật lạ, ăn mòn cơ thể dần mất đi sự sống - tập 675"	"141,905"	"2,365"	145		
"HÀNH TRÌNH vượt đèo, dốc núi, đưa MÓN QUÀ yêu thương, lên đỉnh núi cao - tập 1021"	"141,863"	"4,540"	400		
"Thắp sáng ƯỚC MƠ, nụ cười vui mừng của những ĐỨA TRẺ miền núi chăm học - tập 735"	"141,771"	"2,406"	disabled		
"ĐI ĐÊM có ngày sẽ GẶP MA, nửa đêm vẫn còn LANG THANG trong RỪNG, vì người nghèo - tập 819"	"141,675"	"4,019"	478		
BẤT NGỜ cô gái nhà nghèo được tặng món quà lớn chưa TỪNG CÓ - tập 1828	"141,669"	"2,910"	262		
"2 VỢ CHỒNG già nghèo, ở CĂN NHÀ cũ nát, ước mơ được có GẠO ĂN - tập 1531"	"141,492"	"3,245"	210		
"ĐỨA BÉ ân hận người CHA vô tâm, bỏ VỢ CON chạy theo NHÂN TÌNH mới - tập 898"	"141,391"	"3,207"	108		
"SỐ PHẬN hẩm hiu, vợ khuyết tật đôi chân, chồng MÙ LÒA đôi mắt - tập 1383"	"141,020"	"3,049"	176		
"VƯỢT QUA gian khổ, giúp đỡ người nghèo, ở tận trong RỪNG - tập 1418"	"140,905"	"3,097"	268		
"Ngôi làng nghèo bị lãng quên trong rừng núi, cơm không có ăn, nước không đủ uống - tập 479"	"140,890"	"1,798"	124		
"LƯNG GÙ sống cô độc trong rừng, ở CĂN NHÀ rách nát TẢ TƠI, có gì ĂN NẤY - tập 985"	"140,517"	"3,040"	137		
"Tin buồn, trên đường đưa ""Chị Mặt Bướu"" đi bệnh viện bị kẻ xấu cướp tài sản - tập 576"	"140,462"	"3,137"	479		
"NỤ CƯỜI & HẠNH PHÚC, nụ cười của người nghèo, hạnh phúc của MTQ - tập 1217"	"140,135"	"3,065"	154		
"2 VỢ CHỒNG nghèo sống tạm bợ căn chòi rách, được ân nhân tặng QUÀ LỚN - tập 1757"	"140,121"	"3,080"	191		
"CỨU TRỢ người nghèo, 2 vợ chồng nghèo sống ở nơi HẺO LÁNH - tập 1538"	"140,116"	"2,752"	161		
"MÙNG 5 TẾT, đi tìm người đàn ông ở trong núi, bị mọi người XA LÁNH - tập 1285"	"140,080"	"2,726"	171		
"GIẢI CỨU nông sản, vượt đèo, lội suối, vận chuyển TRÁI CÂY giúp đỡ người nghèo - tập 1151"	"139,988"	"4,568"	530		
Cả ngôi làng nghèo bị lãng quên vui như tết ùn ùn kéo nhau đi nhận quà - tập 488	"139,808"	"2,609"	170		
"TẬN CÙNG nghèo khổ, con bỏ Mẹ, chồng bỏ Vợ, sống BƠ VƠ trong rừng - tập 1043"	"139,767"	"3,183"	160		
"HOÀN CẢNH nghèo, chỉ vì CƠM ĂN áo mặc, chạy vô rừng chăn BÒ MƯỚN - tập 1545"	"139,276"	"2,512"	127		
"LEO CÂY kiếm cơm ăn, xém chút nữa thì, rời xa THẾ GIỚI - tập 1518"	"139,082"	"2,975"	167		
"Người phụ nữ mắc căn bệnh lạ, bị vi khuẩn ăn hết khuôn mặt, rụng hết tóc, chọc hết da đầu - tập 558"	"139,063"	"1,818"	175		
"Gà gặp biến cố, trên đường đi về nhà, bị giang hồ đầu dê chặn xe không cho về nhà - tập 644"	"138,831"	"2,134"	221		
"MẶT TRÁI sự thật, lời nói dối của ÔNG BÀ CỤ - tập 1793"	"138,815"	"3,387"	342		
"NGƯỜI ĐÀN ÔNG sống biệt lập trên đỉnh NÚI CAO, nơi xa xôi HẺO LÁNH không MỘT AI dám đến - tập 912"	"138,601"	"3,433"	222		
Đêm khuya lên nhà cụ bà 100 tuổi trao tặng cụ bà một số tiền rất lớn - tập 514	"138,574"	"2,668"	160		
"BÀ CỤ nghèo tai điếc, sống trong CĂN CHÒI rách - tập 1652"	"138,385"	"3,031"	206		
"Xót thương, 2 cụ bà đui mù bị con cái bỏ rơi, sống trong căn nhà rách nát trên núi - tập 620"	"138,334"	"2,450"	117		
"3 MẸ CON ở rừng, sống trong BÓNG TỐI, trú ẩn ở trong CĂN NHÀ mục nát - tập 1096"	"138,333"	"4,047"	307		
"CẢM ĐỘNG vợ chồng nghèo bật khóc nức nỡ, cứ ngỡ là GIẤC MƠ - tập 1694"	"138,121"	"3,687"	254		
"THẰNG BÉ có khuôn mặt KỲ LẠ, ngộ nghĩnh, ai nhìn thấy cũng XÓT THƯƠNG - tập 861"	"137,499"	"3,279"	186		
Hành trình đưa chú chó rừng đáng thương đến bác sĩ thú y chữa bệnh - tập 5	"137,288"	"3,209"	420		
"Cuộc sống cơ cực của chị gái xinh đẹp mặt bướu, mang hình hài như 2 cái đầu - tập 548"	"137,229"	"1,922"	162		
Hành trình đi tái khám bệnh cho chú chó rừng đáng thương lần thứ 2 - tập 12	"136,947"	"2,991"	338		
"Vượt 400 cây số vô thăm chị Pinăng Thị Xinh, chị Xinh chuẩn bị xuất viện về quê đón Tết - tập 600"	"136,919"	"2,941"	258		
Món quà 3000 đô la Mỹ dành tặng cho người đồng bào nghèo khó khăn miền núi - tập 473	"136,896"	"2,224"	173		
"ĐÀO GIẾNG số 9, tìm nguồn nước sạch cho người nghèo SINH HOẠT - tập 1805"	"136,872"	"3,003"	234		
"THAY ĐỔI thoát cảnh nghèo, 2 vợ chồng trẻ quyết tâm chăn nuôi VƯỢT KHÓ - tập 1362"	"136,630"	"3,140"	155		
"ÔNG BÀ LÃO hạnh phúc, vì được TẶNG ngôi nhà mới TRỌN VẸN, ước mơ cả đời - tập 846"	"136,624"	"3,358"	193		
"Cả gia đình, THAY ĐỔI sau 1 đêm tỉnh giấc, cứ ngỡ là GIẤC MƠ - tập 1115"	"136,393"	"4,190"	282		
"2 CHÚ DÊ mất mẹ từ bé, được BÀ DÚ nuôi, chăm sóc như con ruột - tập 1041"	"136,194"	"3,389"	174		
"CỨ NGỠ là giấc mơ, gia đình nghèo bền vững, được ÂN NHÂN cứu giúp - tập 1496"	"136,168"	"3,354"	192		
"GIẢI CỨU nông sản, giúp người nghèo có cuộc sống ấm no HẠNH PHÚC - tập 1655"	"135,960"	"3,404"	348		
"KIẾM TỪNG bữa cơm, nuôi con ăn học, cả gia đình BẾ TẮC - tập 1368"	"135,922"	"2,859"	202		
Ước mơ nhỏ nhoi của người mẹ già neo đơn sau 55 năm trên núi giờ trở thành hiện thực - tập 646	"135,867"	"2,473"	144		
""" Gà "" tặng quà cho chị “ mặt bướu “ rồi chia tay với 2 cha con chị ấy một thời gian - tập 584"	"135,838"	"2,672"	361		
"VƯỢT NGÀN chông gai, đi tìm 2 mẹ con sống trong rừng, ở như NGƯỜI RỪNG - tập 1818"	"135,376"	"3,439"	392		
"CÔ GÁI khiến hàng triệu trái tim XÚC ĐỘNG, rơi nước mắt vì THƯƠNG - tập 1038"	"135,232"	"3,529"	256		
"KỲ LẠ, con QUÁI VẬT đến nhà người đàn bà sống ẨN DANH trong rừng lúc nửa đêm - tập 789"	"135,232"	"4,193"	274		
"NGƯỜI CHA rời bỏ ngôi làng, dắt đứa con trai TÀN TẬT chạy vô rừng TRÚ ẨN - tập 1142"	"134,496"	"3,880"	202		
2 VỢ CHỒNG nghèo ở vùng đất khắc nghiệt THIẾU ĂN - tập 1552	"134,402"	"3,008"	226		
"THAY ĐỔI cuộc sống, cả đời 2 cha con ở trong CĂN CHÒI mục nát - tập 1171"	"134,175"	"3,573"	223		
Gia đình nghèo đói xơ xác sống ẩn danh trong khu rừng rậm cách biệt với bên ngoài - tập 554	"133,975"	"2,080"	95		
"MÓN QUÀ tương lai, TẶNG cần câu CƠM cho người nghèo - tập 1404"	"133,876"	"2,934"	227		
"Người đàn ông bí ẩn, sống ẩn danh trong rừng núi hoang vu không một ai lui tới - tập 553"	"133,835"	"1,710"	76		
"2 BÉ GÁI xinh đẹp, bỏ học đi chăn bò mướn, TƯƠNG LAI mịt mù - tập 1155"	"133,820"	"3,106"	136		
"LÝ DO vì sao GÀ LANG THANG mất tích suốt 3 ngày, không biết tin tức - tập 793"	"133,408"	"4,088"	596		
"VỢ CHỒNG nghèo, 20 năm ở trong rừng, đợi chờ ÔNG BỤT MTQ tặng nhà mới - tập 1393"	"133,405"	"3,028"	183		
"Cả gia đình, ăn lá cây, bắt chuột, côn trùng ăn thịt, đứng ngủ, ngồi ngủ, không có chỗ nằm - tập 438"	"133,286"	"2,500"	170		
"THỰC HIỆN lời hứa, dọn dẹp sạch sẽ, căn nhà ÔNG CỤ nghèo - tập 1627"	"132,987"	"3,307"	442		
"Vợ vừa mới qua đời, con cái vô tâm bỏ rơi cha già sống neo đơn trên rừng - tập 628"	"132,967"	"1,999"	83		
"2 MẸ CON nhặt ve chai, lang thang LƯỢM RÁC kiếm từng BỮA ĂN - tập 1379"	"132,774"	"2,974"	176		
ÔNG CỤ cất giấu của quý trong BỤI CÂY ai thấy cũng XÚC ĐỘNG - tập 1802	"132,271"	"2,837"	376		
"Trao tiền cho người đồng bào miền núi, món quà ý nghĩa cuối năm - tập 285"	"132,252"	"1,221"	79		
"CẮT TÓC bán lấy tiền mua GẠO nuôi con, ĐÓI KHỔ ở trong rừng ăn LÁ CÂY duy trì sự sống - tập 1006"	"132,177"	"3,406"	149		
"XÓT XA, lời nói nghẹn ngào của cô bé ƯỚC MƠ được sống trên thế gian này - tập 782"	"131,983"	"2,429"	185		
Chị xinh “ Mặt Bướu “ cười méo miệng vì chú khổng long tấu hài trong bệnh viện - tập 592	"131,781"	"3,548"	292		
Kỳ lạ người đồng bào miền núi nuôi chó để huấn luyện chó đi chăn bò - tập 470	"131,742"	"1,507"	150		
"BÀ CỤ nghèo ở trong rừng, cuộc sống bình yên, đẹp LUNG LINH - tập 1797"	"131,600"	"2,652"	217		
"THU HOẠCH trái cây rừng, LÁI BUÔN ép giá, mua cho BÒ ĂN, rẻ như cho - tập 903"	"131,526"	"2,876"	120		
"CÔ GÁI mồ côi mẹ, cha bỏ đi tìm người TÌNH MỚI - tập 1778"	"131,170"	"2,919"	190		
"VUI MỪNG rớt nước mắt, giấc mơ được CĂN NHÀ mới, đã trở thành sự thật - tập 1266"	"130,913"	"3,098"	190		
Gặp gỡ CÚ ĐẤM THÉP TV phối hợp giải cứu người đàn ông 20 năm mang cục bướu khổng lồ - tập 601	"130,754"	"3,033"	253		
"THẤT BẠI, 2 vợ chồng hơn 20 NĂM ở rừng, trồng trọt, chăn nuôi, vẫn THIẾU ĂN - tập 1244"	"130,655"	"2,672"	109		
"BAO GIỜ hết nghèo, giúp cần câu, hay giúp CON CÁ - tập 1313"	"130,634"	"2,524"	103		
"THAY ĐỔI cuộc sống, CẢM ƠN ân nhân giúp đỡ người dân THOÁT NGHÈO - tập 1357"	"130,594"	"3,459"	200		
"BÀ LÃO, sống ở trong rừng, ăn uống như NGƯỜI RỪNG - tập 1347"	"130,398"	"2,800"	225		
"Cuộc gặp gỡ giữa chị xinh "" Mặt Bướu "" và người mẹ già ở quê nhà nhớ con - tập 587"	"130,296"	"2,851"	286		
"2 MẸ CON nghèo đi tìm sự sống, cho đến hơi thở CUỐI CÙNG - tập 1557"	"130,294"	"2,980"	257		
"CÔ BÉ thông minh, có tật có tài, ước mơ được có SỮA UỐNG - tập 1359"	"130,294"	"3,018"	186		
"CHÀNG TRAI nghèo, rời xa NGÔI LÀNG, chạy vô rừng ẨN CƯ kiếm ăn - tập 1175"	"130,085"	"3,491"	212		
"Đi tìm tổ chim, thăm lại tổ chim sơn ca, dã ca, và phát hiện tổ chim lạ dưới đất"	"130,032"	"1,397"	163		
"Hai mẹ con bệnh tâm thần sống trong ngôi nhà rách nát, cơm không đủ ăn, áo không có mặc - tập 607"	"130,016"	"2,064"	105		
"2 MẸ CON nghèo ở rẫy, trú ẩn trong căn nhà CHẮP VÁ - tập 1798"	"129,955"	"2,613"	176		
MÓN QUÀ sinh nhật 6000 USD gửi TẶNG người nghèo - tập 1131	"129,884"	"3,958"	228		
"Trải nghiệm 24h ở trên rừng, khám phá nhiều điều mới lạ nơi hoang dã - tập 190"	"129,539"	"1,944"	121		
Hai ông bà già 82 tuổi vất vả cả ngày lặn lội dưới nước mò cua bắt ốc mưu sinh - tập 508	"129,386"	"2,017"	135		
"NỖI LO của người nghèo, hôm nay ăn cái gì, ngày mai lấy gì để ĂN - tập 1196"	"129,364"	"2,850"	131		
"HÁI LÁ RỪNG lượm phân bò KIẾM TIỀN mua gạo ăn, ở nhà TỰ CHẾ - tập 1812"	"129,204"	"2,868"	229		
"2 MẸ CON ăn lá ĐU ĐỦ thay CƠM, mỗi ngày LỤM phân bò đổi GẠO ăn - tập 944"	"128,715"	"3,105"	180		
"Xúc động, khóc cạn nước mắt, đứa con bị mất tích 5 năm vẫn chưa thấy về nhà - tập 611"	"128,674"	"1,854"	55		
"Gia đình nghèo sống trong căn nhà dột nát, cơm không đủ ăn, ăn bắp, ăn lá cây bậy bạ - tập 468"	"128,455"	"1,988"	124		
"Bất ngờ, cả gia đình cụ bà đi nhặt củi vui mừng vì được tặng món quà đặc biệt - tập 546"	"128,427"	"1,966"	88		
"Xót thương, chồng mất sớm, con cũng qua đời, bỏ lại cụ bà sống cô độc trong rừng - tập 688"	"128,301"	"2,135"	74		
"ĐÔI MẮT thứ 2 của người nghèo, mang ÁNH SÁNG vô rừng, NỬA ĐÊM vẫn còn trên núi - tập 869"	"128,274"	"3,501"	218		
"ÔNG LÃO nuôi đứa con khờ, BẤT NGỜ nhận được CÁI THÙNG bí ẩn - tập 851"	"128,042"	"3,926"	223		
"BÀ GIÀ khỏe hơn TRAI TRẺ mỗi ngày lên núi VÁC CỦI xuống núi, bán rẻ KIẾM CƠM - tập 917"	"127,913"	"2,532"	112		
"KỲ DIỆU, người mẹ hiển linh, phù hộ cho 2 đứa trẻ MỒ CÔI, nhận được phước lớn - tập 736"	"127,913"	"2,901"	256		
"CĂN NHÀ dột nát, bỗng dưng hóa thành NGÔI NHÀ tuyệt đẹp, cứ ngỡ là GIẤC MƠ - tập 1135"	"127,825"	"4,118"	179		
"2 MẸ CON nghèo ở trong rừng, có cơm ăn cơm, có cháo ĂN CHÁO - tập 1500"	"127,694"	"2,869"	185		
Chàng trai nghèo dành cả thanh xuân giải cứu bảo vệ động vật - tập 323	"127,656"	"1,948"	220		
"KHOAN GIẾNG số 11, giúp người nghèo có nước sạch SỬ DỤNG - tập 1825"	"127,568"	"3,087"	267		
"Lời cầu xin của đứa bé 10 tuổi, mang căn bệnh khó chữa, nghe con nói mà xót xa - tập 676"	"127,552"	"2,373"	80		
"Thiếu nợ bán chó để trả nợ, cuộc trò chuyện gây gắt dành lấy sự sống cho các bé chó - tập 284"	"127,388"	"2,810"	274		
"GIA ĐÌNH nghèo, chỉ ước mơ có gạo ăn, áo mặc LÀ ĐỦ - tập 1507"	"127,182"	"2,844"	131		
"GIẤC MƠ của người nghèo, mang ÁNH SÁNG lên vùng cao, thắp sáng YÊU THƯƠNG - tập 1054"	"127,156"	"3,123"	160		
"VƯỢT NGÀN chông gai, xây dựng tổ ấm cho người nghèo, đã HOÀN THÀNH - tập 1698"	"127,141"	"3,568"	237		
"NGƯỜI MẸ ra đi trong đêm, bỏ lại đứa trẻ ÂM DƯƠNG cách biệt - tập 762"	"127,047"	"2,482"	120		
"BÀ CỤ dễ mến, trú ẩn trong căn nhà nhỏ xíu, có gì ĂN NẤY - tập 1821"	"126,988"	"2,646"	148		
"BÁO HIẾU, người ra đi, kẻ ở lại THƯƠNG NHỚ, ước mơ còn DANG DỞ - tập 1165"	"126,889"	"3,588"	150		
"LỜI TÂM SỰ đêm khuya, ÔNG LÃO vui mừng hạnh phúc, vì đã thay đổi cuộc sống mới - tập 781"	"126,407"	"3,108"	463		
"TẬN CÙNG của nỗi khổ, bốn CHA CON sống tạm bợ để TỒN TẠI - tập 1643"	"126,342"	"3,016"	236		
"MÓN QUÀ nhỏ, lần đầu tiên được ĂN BÁNH, cả gia đình nghèo khổ ở trên núi, có gì ĂN NẤY - tập 974"	"126,192"	"3,122"	103		
ĐI TÌM cây giống đặc biệt giúp người nghèo trồng trọt VƯỢT KHÓ - tập 1786	"125,995"	"3,047"	243		
"TRÁI CÂY quý giá của người nghèo, ở trên đỉnh NÚI CAO - tập 1832"	"125,904"	"2,825"	312		
"LƯỢM PHÂN bò đổi gạo ăn, cả đời LAM LŨ vẫn đói - tập 1315"	"124,750"	"2,667"	106		
"ĐI TÌM tương lai cho người nghèo, nước là sự sống, có nước là có TẤT CẢ - tập 1774"	"124,495"	"3,058"	292		
"BÍ ẨN nơi hoang vắng, NGÔI NHÀ cô lập nằm giữa NÚI RỪNG, ít ai biết đến - tập 840"	"124,269"	"3,035"	162		
"2 VỢ CHỒNG bị con buôn gài bẫy, dồn vào ngõ cụt, không biết phải làm sao lấy lại ĐẤT - tập 839"	"124,261"	"3,103"	665		
"CẢ XÓM nghèo vui mừng, vì đã có nguồn nước sạch SINH HOẠT - tập 1758"	"124,207"	"3,486"	238		
"ĂN NGỦ ở trong rừng, hái TRÁI CÂY thiên nhiên, đào khoai ăn để TỒN TẠI - tập 1147"	"124,070"	"3,902"	193		
"MỘT MẸ nuôi 7 người con, đến khi mẹ già, 7 con không nuôi được MẸ - tập 1385"	"123,729"	"2,901"	207		
"ÔNG LÃO sống trong căn nhà hoang, cầu được, ước thấy, ĐIỀU ƯỚC cuối cùng - tập 795"	"123,693"	"3,938"	617		
"CHUYẾN XE bất ổn, vượt dốc đá, vận chuyển MÓN QUÀ cứu trợ vào rừng - tập 1094"	"123,494"	"3,577"	210		
"HẾT HỒN, hú vía, vượt sông lớn, GÀ LANG THANG cứ ngỡ không có lối về - tập 1240"	"123,273"	"2,917"	255		
"CÔ GÁI nghèo thật thà, vui mừng được ÂN NHÂN tặng món quà TO LỚN - tập 1809"	"122,731"	"3,155"	308		
"ÔNG CỤ lại trở về đòi cái ĐÈN năng lượng MẶT TRỜI, ai nghe cũng nổi óc cục - tập 884"	"121,982"	"3,650"	196		
"HẾT GẠO nấu cháo ăn, 2 vợ chồng CỤT TAY tìm kiếm từng BỮA CƠM - tập 1302"	"121,897"	"2,762"	135		
"GIA ĐÌNH nghèo sống trong hốc núi, che ở tạm bợ căn chòi MỤC NÁT - tập 1788"	"121,786"	"2,786"	187		
"40 năm ở trong CÁI LỀU rách nát, BẤT NGỜ được TẶNG ngôi nhà MƠ ƯỚC, vui mừng rớt nước mắt - tập 852"	"121,700"	"3,516"	185		
TẶNG XE MÁY cần câu cơm của người nghèo và lời chia sẻ NGHẸN NGÀO - tập 1764	"121,021"	"3,324"	172		
"KÉO NƯỚC cho người nghèo, vượt đèo dốc đá, đi tìm nguồn NƯỚC SẠCH - tập 1521"	"121,020"	"3,158"	317		
"CÔ GÁI nghèo xơ xác, MANG BẦU không có đủ cơm GẠO ĂN - tập 1785"	"120,634"	"2,872"	234		
"CHƯA TỪNG nhìn thấy, những cái thùng KỲ LẠ treo lơ lửng trong ngôi nhà dột nát - tập 857"	"120,093"	"2,521"	136		
"3 MẸ CON, ở trong NGÔI NHÀ rách nát TE TUA vui mừng hạnh phúc vì được TẶNG ngôi nhà MƠ ƯỚC - tập 934"	"119,876"	"2,884"	129		
"ĐỨA CON ruột đẩy người CHA GIÀ vào đường cùng, ĂN NGỦ ở nghĩa địa - tập 1049"	"119,716"	"2,698"	191		
2 VỢ CHỒNG nghèo sống tạm bợ trong căn chòi CŨ NÁT - tập 1779	"119,646"	"2,670"	156		
"2 VỢ CHỒNG nghèo ở trong căn nhà mục nát, được tặng NHÀ MỚI - tập 1629"	"119,480"	"3,170"	222		
"LỜI HĂM DỌA, phá bỏ ngôi nhà của 2 vợ chồng ĐÔI ĐŨA LỆCH bây giờ ra sao - tập 710"	"119,480"	"2,503"	142		
"ÔNG LÃO bị con rắn, cắn cụt ngón tay, 2 ÔNG BÀ già nghèo khổ - tập 1200"	"119,273"	"2,689"	167		
"ÔNG BỤT MTQ xuất hiện, cứu giúp người nghèo, ĂN LÁ CÂY để tồn tại - tập 1449"	"119,267"	"2,648"	198		
"2 MẸ CON nhà nghèo cảnh khổ, được ân nhân giúp đỡ VƯỢT KHÓ - tập 1829"	"119,072"	"2,730"	152		
"VỢ CHỒNG nghèo ở rẫy rừng, không dám về làng, vì sợ KẺ GIẤU MẶT - tập 1817"	"119,035"	"2,803"	134		
"2 VỢ CHỒNG nghèo khổ, 30 năm đạp xe bán CÀ REM - tập 1644"	"118,791"	"2,884"	266		
"3 CHỊ EM vui mừng, BẤT NGỜ vì được TẶNG nhà mới, sau mấy chục năm ở trong CÁI LỀU rách nát - tập 895"	"118,729"	"3,736"	129		
"CĂN NHÀ cũ nát của người nghèo, trời mưa không có CHỖ NGỦ - tập 1532"	"118,353"	"2,867"	218		
"ĐI TÌM từng giọt nước, ở vùng đất nắng khô hạn, nước là SỰ SỐNG - tập 1834"	"118,230"	"2,498"	122		
"VƯỢT KHÓ đưa món quà YÊU THƯƠNG lên vùng NÚI CAO, xe gạo cứu trợ - tập 935"	"118,126"	"2,517"	170		
"ÔNG CỤ cụt chân, sống neo đơn ở rừng, bữa đói BỮA NO - tập 1657"	"117,868"	"2,626"	206		
"CỨ NGỠ là giấc mơ, căn chòi mục nát, bỗng hóa thành NGÔI NHÀ tuyệt đẹp - tập 1170"	"117,432"	"3,400"	342		
"CON BÒ cứng đầu, hành trình kiệt sức, dắt 2 con bò KHÓ TÍNH vào rừng - tập 1134"	"117,298"	"3,215"	241		
GÀ LANG THANG nhận số tiền lớn mua quà tặng cho bà con nghèo miền núi - tập 211	"116,844"	"2,337"	179		
"HÀNH TRÌNH xây dựng ước mơ cho người nghèo, cứ ngỡ là GIẤC MƠ - tập 1457"	"116,831"	"2,806"	233		
"ĐÀO GIẾNG số 12 giúp người nghèo có nước sạch, GÀ LANG THANG gặp sự cố - tập 1833"	"116,603"	"2,658"	194		
"ĂN NGỦ tạm bợ căn chòi rách, ăn nhín, NHỊN ĂN vẫn nghèo - tập 1631"	"116,533"	"2,906"	263		
"Đi tìm tổ chim - mùa chim sinh sản, thật nhiều tổ chim"	"116,348"	"2,150"	172		
"NGƯỜI RỪNG, 70 năm sống trú ẩn trên núi, có gì ăn nấy, cách biệt với XÃ HỘI - tập 954"	"115,874"	"2,810"	96		
"Dắt bạn về nhà chơi, KHÔNG NGỜ bạn cám dỗ lụm luôn chồng mình - tập 733"	"115,767"	"2,084"	108		
"ÔNG LÃO nghèo ăn cơm héo, cá khô ở căn nhà XẬP XỆ - tập 1816"	"115,621"	"2,551"	211		
"XÂY NHÀ cho người nghèo, CĂN NHÀ số 97, đẹp lung linh ở RỪNG - tập 1422"	"115,451"	"2,922"	212		
"BỮA ĂN nghèo, cơm với nước lã, người và ĐỘNG VẬT ăn giống nhau - tập 1358"	"115,444"	"2,670"	212		
"CĂN NHÀ tan nát, 2 VỢ CHỒNG ôm con chạy vô rừng TRÚ ẨN, cơm không đủ ăn - tập 973"	"115,382"	"2,680"	106		
"Giúp đỡ người nghèo và cưu mang động vật bị bỏ rơi, ước mơ đến từ niềm đam mê bất tận - tập 503"	"115,352"	"2,006"	126		
"VÙNG ĐẤT, nắng gió, cả đời làm việc vất vả, vẫn không đủ CƠM ĂN, áo mặc - tập 1296"	"115,083"	"2,408"	83		
"2 MẸ CON nghèo bật khóc nức nở, vì được tặng QUÀ LỚN - tập 1795"	"114,771"	"2,952"	186		
"CẢ ĐỜI thiếu thốn, 2 vợ chồng ở trong CĂN NHÀ rách tả tơi - tập 1446"	"114,717"	"2,766"	200		
"CHĂN CỪU thuê mướn rẻ bèo, cơm không đủ ăn, quần áo THIẾU MẶC - tập 1720"	"114,610"	"2,321"	185		
"THIÊN TÀI người đàn ông TRÚ ẨN trên núi, phát minh CHIẾC XE độc lạ có một không hai - tập 850"	"114,094"	"3,791"	181		
"THĂM LẠI ông cụ 96 tuổi neo đơn, ở trong CĂN CHÒI rách - tập 1645"	"114,010"	"3,228"	303		
"NGƯỜI PHỤ NỮ, bị người ĐÀN ÔNG lạ mặt, lén chui vô nhà HẤP DIÊM, lúc nửa đêm - tập 1106"	"113,901"	"3,935"	228		
"MÙNG 2 TẾT, cả gia đình thiếu miếng ăn, người đi, kẻ ở lại NHỚ THƯƠNG - tập 1282"	"113,663"	"2,635"	165		
"NỤ CƯỜI vui mừng, BÀ GIÀ ở trong rừng, chấp tay CẢM ƠN vì được TẶNG món quà VÔ GIÁ - tập 1104"	"113,031"	"3,548"	231		
ƯỚC MƠ của bà cụ ở trong căn nhà rách TẢ TƠI - tập 1791	"112,886"	"2,850"	216		
"TẬN CÙNG của sự nghèo khổ, cả gia đình bế tắc, kiếm từng BỮA ĂN - tập 1624"	"112,809"	"2,617"	145		
"TƯƠNG LAI mịt mù, 2 mẹ con sống trong CÁI LỀU tạm bợ, lượm PHÂN BÒ đổi cơm ăn - tập 825"	"112,295"	"2,917"	126		
MÙNG 5 TẾT vượt hàng trăm cây số TẶNG QUÀ cho người nghèo - tập 1665	"112,234"	"2,575"	116		
"CĂN NHÀ nhỏ rách nát, bỗng hóa thành NGÔI NHÀ đẹp lung linh - tập 1414"	"112,155"	"3,055"	186		
"NIỀM VUI nhân đôi, TRAO TẶNG ngôi nhà mơ ước, đẹp LUNG LINH - tập 1250"	"111,887"	"2,835"	422		
"NHỚ ƠN ân nhân suốt đời, gia đình nghèo, được TẶNG căn nhà MƠ ƯỚC - tập 1509"	"111,680"	"3,335"	257		
"HÀNH TRÌNH, vượt suối thác, truy tìm ÔNG LÃO sống Ở ẨN trong rừng - tập 1120"	"111,635"	"4,238"	294		
"Người thợ rèn cổ xưa còn sót lại, sống ẩn danh trên núi cùng với một con chó - tập 638"	"111,631"	"2,089"	141		
"BÀ CỤ ăn lá cây RỪNG để sống, có 7 người con, nhưng đứa nào cũng bỏ BÀ CỤ đi hết - tập 960"	"111,572"	"2,631"	94		
"MÓN QUÀ đặc biệt, của KHÁN GIẢ dành TẶNG cho người nghèo - tập 1127"	"111,367"	"3,479"	185		
"Xác minh sự thật về cụ bà 100 tuổi khỏe như gái 18, có thật hay lời đồn - tập 627"	"111,338"	"2,041"	228		
"TẬN CÙNG của nỗi khổ, người phụ nữ CHĂN BÒ mướn, đi tìm LỐI THOÁT - tập 1447"	"111,306"	"2,492"	206		
"THỰC HIỆN ước mơ cho người nghèo, xây dựng TỔ ẤM - tập 1719"	"111,282"	"3,052"	198		
"CUỘC SỐNG của 2 cha con NGƯỜI RỪNG bây giờ ra sao, sau một thời gian MẤT TÍCH - tập 800"	"110,897"	"3,359"	290		
"THAY ĐỔI cuộc sống cho người nghèo, lời nói đi đôi với HÀNH ĐỘNG - tập 1725"	"110,577"	"2,887"	192		
"HAM CHƠI vài phút, người đàn ông TÀN PHẾ cả đời - tập 1386"	"110,541"	"2,990"	194		
"Tin vui, cô gái xinh "" Mặt Bướu "" đã sẵn sàng thay đổi, diện mạo mới, cuộc sống mới - tập 573"	"110,531"	"2,270"	184		
ĐÊM TỐI lạc vào trong rừng PHÁT HIỆN ngôi nhà nhỏ BÍ ẨN ở nơi hẻo lánh - tập 893	"110,422"	"3,632"	155		
"KIỆT SỨC lạc vào trong khu RỪNG, nơi HẺO LÁNH chổ ở TRÚ ẨN của NGƯỜI RỪNG - tập 916"	"110,271"	"2,599"	109		
"Hạnh phúc vỡ oà, khoảnh khắc chị xinh và mẹ gặp lại nhau sau một thời gian dài xa cách - tập 604"	"109,917"	"3,144"	350		
Con chó bị thú dữ cắn rách bụng mất tích và trở lại tặng xe đạp cho cô bé hiếu học - tập 426	"109,815"	"1,825"	125		
"ĐỨA CON có hiếu, người đàn ông quyết không bỏ MẸ mà theo VỢ, sống ẨN DANH trên núi - tập 892"	"109,647"	"3,068"	106		
"CĂN NHÀ mục nát, bỗng nhiên hóa LUNG LINH, ước mơ của người nghèo - tập 1544"	"109,605"	"2,996"	196		
"MÓN QUÀ của ân nhân, giúp đỡ người nghèo VƯỢT KHÓ - tập 1555"	"109,549"	"2,597"	142		
"ĐAU LÒNG, mẹ chê con nghèo, đuổi con cháu lên RỪNG ở, cả xóm ai cũng XÓT XA - tập 824"	"109,348"	"2,837"	164		
"LỜI NÓI DỐI, sự thật phía sau hoàn cảnh của ÔNG LÃO, sống trong BỤI CÂY - tập 803"	"108,549"	"2,725"	372		
"GIA ĐÌNH nghèo không nhà cửa, sống lang thang CHĂN BÒ mướn kiếm cơm - tập 1559"	"107,946"	"2,714"	182		
"HÓA THÂN, ông già Noel tặng quà cho người nghèo - tập 1252"	"107,942"	"2,861"	229		
"ĐI TÌM nguồn nước sạch cho người nghèo, chuyến đi KIỆT SỨC - tập 1427"	"107,822"	"3,769"	311		
"MƯA BÃO, tìm nơi trú ẩn, BẤT NGỜ lạc vào ngôi nhà của 4 nàng CÔNG CHÚA ở trong rừng - tập 726"	"107,766"	"2,121"	68		
"MÓN QUÀ từ ân nhân giúp đỡ người nghèo, và TEAM GÀ LANG THANG - tập 1543"	"107,663"	"3,106"	206		
"2 VỢ CHỒNG thật thà sợ người lạ, sống ở rừng, thiếu cơm ăn, hụt nước uống - tập 1375"	"107,651"	"2,660"	139		
"Mẹ già không có cơm ăn, ở trên núi nhịn đói 2 ngày 2 đêm, ăn lá cây duy trì sự sống - tập 690"	"107,542"	"2,114"	69		
"TẬN CÙNG của nỗi khổ, 2 VỢ CHỒNG già ở trong CĂN NHÀ rách nát, CƠM không đủ ăn - tập 967"	"107,391"	"2,388"	94		
"THẬT BẤT NGỜ niềm vui nhân đôi, ÂN NHÂN tặng người nghèo, món QUÀ LỚN - tập 1681"	"106,974"	"2,908"	170		
"Đi vào vùng sâu TẶNG QUÀ cho CỤ BÀ sống biệt lập trong rừng, bất ngờ gặp SỰ CỐ trên đường - tập 729"	"106,971"	"2,046"	158		
Trở lại thăm gia đình nghèo trên núi và gửi tặng món quà từ các mạnh thường quân - tập 103	"106,947"	"2,083"	161		
"2 VỢ CHỒNG trẻ, không phụ tấm lòng của MTQ, gia đình nghèo vượt khó - tập 1275"	"106,317"	"2,779"	191		
"BÀ CỤ nhặt ve chai kiếm CƠM, từ nay về sau BỎ VIỆC - tập 1484"	"106,300"	"2,711"	169		
Cảm ơn 100.000 trái tim đã mở tấm lòng vàng yêu thương GÀ LANG THANG - tập 504	"106,260"	"3,109"	343		
"GÁNH GỒNG, người ĐÀN ÔNG bất lực, vì không biết phải làm sao để CỨU VỢ mình - tập 805"	"105,913"	"3,327"	239		
"Mang ánh sáng lên núi, ước mơ 70 năm của ông bà cụ sống ẩn danh trên rừng - tập 651"	"105,840"	"1,765"	87		
HIẾU THẢO cô gái nuôi mẹ được ân nhân tặng món QUÀ LỚN - tập 1823	"105,638"	"2,631"	129		
"LỜI HỨA đặc biệt với người nghèo, TRAO TẶNG món quà từ ÂN NHÂN - tập 1478"	"105,476"	"3,066"	195		
"MỘT MIẾNG khi đói, bằng MỘT GÓI khi no, cứu trợ NGƯỜI NGHÈO - tập 1573"	"105,026"	"2,594"	161		
"Xúc động cụ bà đáng thương nói lời cảm ơn, và điều ước giản đơn của cụ bà - tập 512"	"104,786"	"1,846"	107		
"Cha mẹ VÔ TÂM trốn đi biệt tích, bỏ lại đứa trẻ MỒ CÔI, sống trong cái lều RÁCH NÁT - tập 721"	"104,656"	"2,070"	101		
"MẸ GIÀ bị con cái BỎ RƠI trong RỪNG, sống trong NGÔI NHÀ mục nát TE TUA - tập 828"	"104,616"	"3,106"	213		
"Trở về thời đồ đá, ngôi làng sống biệt lập giữa rừng, nơi mà không một ai biết đến - tập 608"	"104,524"	"1,832"	94		
"TẬN CÙNG của nỗi khổ, mẹ già gồng gánh nuôi con DẠI KHỜ - tập 1675"	"104,173"	"2,419"	153		
"BẤT NGỜ ông lão 97 tuổi biến cái lều rách, thành khu nhà ở LÝ TƯỞNG - tập 1810"	"104,132"	"2,973"	204		
"CẢ GIA ĐÌNH sống ẩn cư trong rừng, người ăn không hết, kẻ lần không ra, BỮA ĐÓI, BỮA NO - tập 942"	"103,969"	"2,708"	145		
"HÀNH TRÌNH giúp đỡ người nghèo, trao tặng món quà ÂN NHÂN - tập 1686"	"103,860"	"2,565"	172		
"NGÔI NHÀ tương lai, cả gia đình cứ ngỡ là GIẤC MƠ, vì được TẶNG nhà mới - tập 1236"	"103,860"	"2,765"	183		
"THỰC HIỆN ước mơ cho người nghèo, trao tặng CĂN NHÀ mới đẹp lung linh - tập 1633"	"103,783"	"2,654"	167		
"TRAO TẶNG ngôi nhà đẹp lung linh cho người nghèo, MÓN QUÀ mơ ước - tập 1524"	"103,670"	"2,995"	192		
"XÓT XA khi nhìn thấy những ĐỨA TRẺ miền núi, vui mừng vì được ăn MÌ TÔM - tập 889"	"103,355"	"3,178"	175		
"CHỊ KHỜ sẽ sống sao khi không còn CHA bên cạnh, TRÚ ẨN ở trên núi, bữa đói, bữa no - tập 881"	"103,296"	"4,187"	240		
"ÔNG CỤ lượm rác thải làm nhà ở, sống lang thang, kiếm từng BỮA ĂN - tập 1824"	"103,239"	"2,632"	215		
"EM BẢO bệnh càng ngày càng nặng, ăn cháo BỎ CƠM - tập 1796"	"103,233"	"3,033"	473		
HÀNH TRÌNH vác xe đạp lên núi cao THẮP SÁNG ước mơ cho những ĐỨA BÉ chăm học - tập 880	"103,066"	"2,997"	137		
"MÓN ĂN kỳ lạ, của 2 VỢ CHỒNG già, sống TRÚ ẨN trong rừng, ai nhìn thấy cũng XÓT XA - tập 888"	"102,826"	"2,875"	153		
"Tắm nắng và nấu lá thuốc rửa vết thương cho chú chó rừng đáng thương, lượm đã khỏe - tập 14"	"102,731"	"2,643"	429		
"TỪ NHỎ đến lớn, ăn ở trong rừng, ước mơ có CƠM ĂN, nhà ở - tập 1469"	"102,526"	"2,518"	155		
"Lời tri ân đến tất cả cô chú, anh chị đã dành yêu thương giúp đỡ 2 cha con nghèo miền núi - tập 603"	"102,138"	"2,616"	211		
"MÓN ĂN quý giá của rừng, CỨU ĐÓI những người nghèo - tập 1173"	"102,120"	"2,895"	163		
Cụ bà 100 tuổi sống neo đơn trên rừng cùng với một con chó - tập 449	"101,903"	"1,487"	64		
"BỮA ĂN nhớ đời nhất, đánh đổi ngón tay, để được bữa ăn NO BỤNG - tập 1149"	"101,744"	"3,167"	159		
"Con cái đuổi cha già lên núi sống, nhưng cha già vẫn thương con đi làm chăm lo cho con - tập 505"	"101,707"	"1,575"	118		
"TIN VUI, bà con nghèo khổ đã THAY ĐỔI cuộc sống mới - tập 1365"	"101,595"	"2,544"	146		
"Trở về thời cổ xưa năm 1900 hồi đó, ký ức ùa về, cuộc sống nghèo đói - tập 660"	"101,459"	"1,983"	61		
"Hai vợ chồng cụ ông già 82 tuổi sống ẩn danh trên đồi núi bệnh nặng, nằm la liệt một chỗ - tập 528"	"100,682"	"1,483"	68		
"Đi tìm tổ chim - phát hiện ổ gà rừng, và chạy theo chim đại bàng trên đỉnh núi hoang dã"	"100,609"	"1,544"	353		
"Chị xinh nhận được rất nhiều sự yêu thương của tất cả, ông bà, cô chú, anh chị - tập 604"	"100,593"	"3,145"	624		
"VƯỢT KHÓ từ gia đình nghèo khổ CƠM không đủ ăn, BẤT NGỜ sau khi được MTQ hỗ trợ - tập 867"	"100,381"	"3,249"	152		
"Điều kỳ diệu, giống như một phép màu đã xảy ra với bé sơn và chị xinh - tập 637"	"100,378"	"2,199"	126		
"HÀNH TRÌNH vượt đèo, lội suối leo lên đỉnh NÚI CAO, trời mưa bão vẫn không LÙI BƯỚC - tập 918"	"100,248"	"2,721"	119		
"THAY ĐỔI cuộc đời, 20 năm ở TẠM BỢ căn nhà rách, HÔM NAY đã có NHÀ MỚI - tập 1182"	"100,172"	"3,036"	130		
"Đi vào rừng sâu vực thẳm, leo lên núi cao tìm cụ bà 90 tuổi sống ẩn danh trong rừng rậm - tập 534"	"99,880"	"2,055"	136		
"TẶNG QUÀ, cho đi là còn mãi, một người vui, triệu người hạnh phúc - tập 1321"	"99,742"	"2,776"	236		
"BẤT LỰC, gánh mẹ, gánh em, gánh cả gia đình, khổ TẬN CÙNG - tập 1563"	"99,604"	"2,558"	168		
"Lời tâm sự buồn của chị ""Mặt Bướu"" suốt 18 năm không dám gặp ai, mọi người ai cũng xa lánh - tập 591"	"99,545"	"2,316"	275		
"ĐỨA CON trai vô tâm, bỏ mặt mẹ già, sống trong rừng, BỮA ĐÓI, bữa no - tập 1260"	"99,542"	"2,262"	103		
"Làm nhà mới cho chú chó rừng đáng thương, em ấy đã khỏe - tập 6"	"99,341"	"2,297"	280		
"MÓN QUÀ yêu thương, cả xóm ai cũng kéo nhau đi nhận QUÀ, vui như ngày TẾT - tập 807"	"99,261"	"2,863"	291		
"BÀ CỤ ở căn nhà bỏ hoang, được tặng quà TẾT, ấm no HẠNH PHÚC - tập 1656"	"99,243"	"2,618"	181		
"CÔ GÁI nghèo vui mừng & hạnh phúc, vì được TẶNG món quà MƠ ƯỚC - tập 1505"	"98,976"	"2,695"	130		
"NƯỚC LŨ dâng cao, cả gia đình vợ con em bảo kẹt TRÊN NÚI - tập 1577"	"98,870"	"2,875"	200		
"Bẫy cút rừng - bắt tổ ong ruồi khổng lồ, và chú chim đầu rìu một cánh"	"98,395"	"1,834"	243		
"TRAO TẶNG máy bơm nước cho người nghèo, giúp đỡ cần CÂU CÁ - tập 1732"	"98,153"	"2,856"	169		
Hái trái cây rừng - trái cây rừng cuối mùa ngon nhất	"98,016"	"1,580"	163		
"HỐT PHÂN đổi cơm gạo ăn, phân là nguồn sống của người nghèo - tập 1336"	"97,585"	"2,328"	118		
"NGÔI NHÀ ấm áp tình người, mang tên MTQ, cứ ngỡ là GIẤC MƠ - tập 1261"	"97,575"	"2,619"	223		
"TẾT trung thu của người nghèo, MÓN QUÀ nhỏ, hạnh phúc to - tập 1161"	"97,328"	"2,727"	108		
"ĐI VÀO khu rừng, tìm ÔNG CỤ BÀ nghèo đói, trú ẩn nơi hẻo lánh, ĂN BỜ ở bụi - tập 836"	"97,273"	"2,743"	109		
"VƯỢT ĐÈO lên núi, mang ánh sáng cho người nghèo, thắp sáng ƯỚC MƠ - tập 1776"	"97,223"	"2,840"	227		
"NGƯỜI LẠ đến tặng quà, người nhà sợ bỏ đi, không thể ngờ - tập 1344"	"97,083"	"2,677"	148		
"Cha vừa mới qua đời, con cái tranh giành tài sản, hất hủi, từ mặt mẹ già đuổi lên núi ở - tập 685"	"96,797"	"1,510"	81		
"THAY ĐỔI cuộc sống mới cho người nghèo, gieo trồng hạt giống ÂN NHÂN - tập 1451"	"96,752"	"2,970"	318		
"CHA MẸ vất vả nuôi con, đến khi khôn lớn bỏ rơi CHA MẸ bơ vơ giữa núi rừng hiu quạnh - tập 949"	"96,700"	"2,711"	131		
"2 VỢ CHỒNG đứng hình, vì cứ nghĩ là giấc mơ, MÓN QUÀ tặng chưa từng có - tập 1279"	"96,591"	"2,580"	152		
"2 MẸ CON sống trong CÁI LỀU rách nát, VUI MỪNG rớt nước mắt, BẤT NGỜ có nhà mới - tập 921"	"96,467"	"2,714"	89		
"SUỐT 30 NĂM ở rừng, vì chén cơm, sống trong CĂN NHÀ mục nát - tập 1522"	"96,428"	"2,639"	140		
"Cụ bà gần 90 tuổi sống ẩn cư trên núi, bật khóc vui mừng vì được nhận món quà yêu thương - tập 674"	"96,246"	"2,242"	120		
"2 VỢ CHỒNG nghèo xơ xác, hơn 20 năm ở rừng, sống tạm NHÀ RÁCH - tập 1566"	"96,126"	"2,487"	176		
"LẤY PHÂN đổi gạo, người phụ nữ số phận nghèo, ở tạm bợ NHÀ RÁCH - tập 1830"	"95,849"	"2,255"	120		
"CĂN CHÒI rách tạm bợ, che chở người nghèo, bữa đói BỮA NO - tập 1669"	"95,734"	"2,477"	103		
Trở lại tặng quà cho cụ bà 100 tuổi sống neo đơn trên rừng núi hoang vu - tập 454	"95,624"	"1,779"	111		
"TẬN CÙNG của nỗi khổ, cả gia đình bế tắc vì bệnh ĐEO BÁM - tập 1730"	"95,455"	"2,332"	144		
"Chuyến xe BÃO TÁP, hành trình mang GẠO lên vùng núi cao, trao gửi YÊU THƯƠNG - tập 933"	"95,400"	"2,335"	173		
"RÙNG RỢN, nơi trú ẩn của người VÔ GIA CƯ, ai nhìn thấy cũng không dám lại gần - tập 780"	"95,384"	"2,155"	143		
Rớt nước mắt khi nhìn thấy cảnh người và thú vật ăn chung một nồi cháo - tập 464	"95,360"	"1,833"	208		
"Không thể ngờ, con cái lại làm điều này với mẹ RUỘT của mình, nghe kể mà xót xa - tập 640"	"95,353"	"2,278"	91		
"CUỘC GỌI khẩn cấp, giải cứu người nghèo, kẹt vào NGÕ CỤT - tập 1356"	"95,137"	"2,517"	219		
Đi tìm tổ chim - phát hiện nhiều tổ chim khác nhau	"94,780"	"1,544"	282		
"XÂY DỰNG tổ ấm MƠ ƯỚC cho người nghèo, VƯỢT mọi thử thách, TRAO TẶNG yêu thương - tập 919"	"94,691"	"2,616"	134		
"NIỀM VUI của người nghèo, là được TẶNG căn nhà MƠ ƯỚC - tập 1654"	"94,459"	"2,775"	230		
Hành trình giải cứu các bé chó và trao số tiền từ nước ngoài cho gia đình nghèo - tập 139	"94,263"	"2,083"	238		
"MÙNG 4 TẾT giúp đỡ 2 vợ chồng nghèo, ăn ngủ ở RẪY RỪNG - tập 1664"	"94,198"	"2,334"	153		
Lời tâm sự xúc động của các cụ bà miền núi và trao tặng món quà yêu thương - tập 633	"94,058"	"1,741"	66		
"ĐÓN TẾT, trao gửi yêu thương, TẶNG hàng ngàn phần quà cho người nghèo - tập 1280"	"94,022"	"2,329"	130		
"VƯỢT ĐÈO, mang vác THỨC ĂN lên núi cao, giúp đỡ 3 bé MỒ CÔI sống ẨN CƯ trong rừng - tập 712"	"93,956"	"2,195"	125		
"PHỤ NỮ nghèo, 50 năm ở rừng, chặt củi, CHĂN BÒ mướn - tập 1653"	"93,763"	"2,403"	114		
"CỨU ĐÓI cụ bà 101 tuổi, ăn KHOAI MÌ, ăn LÁ CÂY duy trì sự sống ở trong RỪNG - tập 996"	"93,762"	"3,073"	215		
Đưa món quà từ CANADA lên vùng núi cao giúp đỡ người đồng bào nghèo - tập 391	"93,601"	"1,619"	110		
Kết thúc hành trình 90 ngày giải cứu cô gái mang cục bướu khổng lồ suốt 18 năm - tập 648	"92,897"	"2,288"	141		
"Món quà mơ ước, hạnh phúc vỡ òa của ông bà cụ khi được nhìn thấy ánh sáng ban đêm - tập 647"	"92,759"	"1,798"	92		
"BÀ CỤ già yếu nuôi con trai khờ, ăn ngủ ở RẪY RỪNG - tập 1814"	"92,501"	"2,429"	133		
"TẬN CÙNG của nỗi khổ, 2 vợ chồng nghèo khó, bữa đói, BỮA NO - tập 1289"	"92,141"	"2,318"	234		
"Món quà tết tặng người nghèo, nấu bánh tét ngày tết - tập 312"	"92,111"	"1,424"	89		
"CĂN NHÀ mục nát, bỗng hóa đẹp LUNG LINH, niềm vui & hạnh phúc của người nghèo - tập 1556"	"92,037"	"2,717"	162		
"Ở ĐỢ chăn bò mướn HỐT PHÂN ăn, chạy cơm TỪNG BỮA - tập 1680"	"91,996"	"2,357"	103		
Trải nghiệm sinh tồn - phát hiện một vườn trái cây bí ẩn trên đỉnh núi hoang dã	"91,937"	"1,358"	153		
"CẢ XÓM vui mừng như tết, vì được TẶNG món quà TO LỚN - tập 1290"	"91,935"	"2,070"	101		
"BỮA ĂN rẻ tiền của người nghèo, bông cây chấm muối, ăn để sống QUA NGÀY - tập 1515"	"91,835"	"2,326"	185		
Gia đình nghèo bán tài sản duy nhất là con chó để cho con đi học - tập 201	"91,692"	"1,414"	126		
"KHUÔN MẶT đáng thương, làm việc vất vả, vẫn không ĐỦ ĂN - tập 1634"	"91,596"	"2,397"	174		
"Mẹ già gánh gồng vất vả nuôi con, sống trong căn nhà rách nát trên rừng, bữa đói bữa no - tập 677"	"91,423"	"1,699"	39		
"TRỜI ĐẤT ƠI, tin được không, KIẾN THỨC của những ĐỨA TRẺ miền núi, đã làm chúng ta BẤT NGỜ - tập 829"	"91,406"	"2,553"	230		
Bác mủ trôm điều tra bé cụt bị bắt t.r.ộ.m kẻ tình nghi là GÀ LANG THANG - tập 294	"91,143"	"2,175"	255		
"Một miếng KHI ĐÓI, bằng một gói KHI NO, bạn sẽ bật khóc, khi nhìn thấy những hoàn cảnh này - tập 837"	"90,744"	"2,890"	148		
"Xót xa, cụ bà đi nhặt ve chai, lượm đồ ăn trong bãi rác, cơm thiêu, canh hôi thúi về ăn - tập 689"	"89,944"	"1,989"	104		
THAY ĐỔI cuộc sống mới cho BÀ LÃO nhặt ve chai nghèo - tập 1476	"89,934"	"2,959"	215		
"Nơi tình yêu bắt đầu, chàng trai dành cả thanh xuân cưu mang tất cả động vật - tập 490"	"89,893"	"1,748"	159		
"Mua chú khỉ đáng thương về nuôi, giá rẻ 500k"	"89,736"	953	333		
"MẤT NHÀ, mất đất 11 năm đi chăn cừu mướn, khổ TẬN CÙNG - tập 1304"	"89,621"	"2,212"	129		
"ÔNG LÃO sống ngay NGHĨA ĐỊA, run rẩy hết TAY CHÂN, vì lần đầu tiên nhận được số TIỀN lớn - tập 808"	"89,521"	"3,240"	254		
"MÍT LUỘC chấm muối, BỮA ĂN nghèo nhất, ăn để TỒN TẠI - tập 1401"	"89,490"	"3,060"	242		
Người đàn ông bị bệnh tâm thần đi suốt ngày đêm trong rừng như hồn ma ai cũng sợ hãi - tập 557	"89,375"	"1,456"	93		
"ƯỚC MƠ của người nghèo, là được một bữa ĂN THỊT - tập 1468"	"89,108"	"2,477"	163		
"ĐIỀU ƯỚC thứ 2, XÓA NỢ cho mẹ già, suốt 10 năm NỢ NẦN đeo bám, mất ăn, mất ngủ - tập 887"	"88,835"	"2,895"	140		
ANH DUY & EM BẢO lạc giữa đảo hoang TUYỆT ĐẸP - tập 1777	"88,702"	"2,690"	263		
"Hai mẹ con tật nguyền nhặt rác, khóc cạn nước mắt vì được tặng số tiền lớn - tập 451"	"88,424"	"1,351"	94		
Nỗi khổ của người dân nghèo miền núi và những con vật bị bỏ rơi đáng thương - tập 595	"88,038"	"1,669"	122		
BẤT NGỜ MTQ ở mỹ về VIỆT NAM tặng món QUÀ LỚN - tập 906	"87,611"	"2,912"	147		
Ngôi biệt thự bí ẩn bị yểm bùa nằm trên đỉnh núi hoang vu - tập 362	"87,281"	"1,181"	44		
"Tàn nhưng không phế, cụ ông bị mìn nổ cụt chân, nghị lực sống nuôi vợ già - tập 619"	"87,259"	"1,546"	89		
"2 VỢ CHỒNG nghèo sống trong BÓNG TỐI giữa rừng, không thấy đường ĂN CƠM chỉ biết MÒ - tập 939"	"87,058"	"2,419"	85		
"Xây dựng nhà cho người đồng bào nghèo miền núi, căn nhà số 6 - tập 212"	"86,693"	"1,509"	73		
"MÓN QUÀ chưa từng có ở trong rừng, CỨ NGỠ là đang nằm mơ - tập 1459"	"86,643"	"2,250"	157		
"Vợ bỏ chồng, con bỏ cha già neo đơn bệnh tật, có chuyện gì cũng không ai biết - tập 645"	"86,538"	"1,582"	62		
"CHÀNG TRAI mù hiếu thảo, ước mơ tìm lại ÁNH SÁNG - tập 1348"	"86,407"	"2,423"	207		
"Trải nghiệm sinh tồn - một mình đi vào rừng sâu, tự tìm thức ăn"	"85,699"	"1,328"	206		
"Người mẹ mù và 2 đứa con trai khờ sống ẩn cư trên núi, trong ngôi nhà rách nát - tập 691"	"84,777"	"1,725"	87		
""" Xúc động "" cụ bà sống ở ẩn trong rừng, cơm không đủ ăn, uống nước suối, ăn lá cây rừng - tập 586"	"84,725"	"1,806"	97		
"ÔNG CỤ neo đơn, mù 1 mắt, liệt tay chân, không có ai NƯƠNG TỰA - tập 1626"	"84,613"	"2,599"	296		
"Hành trình vượt mưa bão giải cứu 25 chú chó, sức mạnh của tình yêu thương động vật - tập 330"	"84,429"	"1,837"	219		
"CỤ BÀ neo đơn, sống TRÚ ẨN trên rừng, cùng với CON HEO rừng - tập 951"	"84,278"	"2,480"	138		
Đi tìm tổ chim - một ngày tìm kiếm thật nhiều tổ chim	"83,842"	"1,507"	188		
"Gia đình nghèo mắc bệnh nhà giàu, cơm không đủ ăn, ăn bắp, ăn khoai, ăn lá cây rừng - tập 537"	"83,571"	"1,509"	157		
"Người đàn ông bí ẩn sống trong rừng bị bệnh tâm thần, nghe tiếng gọi của người cõi âm - tập 559"	"83,383"	"1,379"	72		
"LƯỢM PHÂN đổi gạo nuôi chồng, sống tạm bợ căn nhà MỤC NÁT - tập 1690"	"83,292"	"2,331"	172		
"CƠM ÁO gạo tiền, kiếm từng BỮA ĂN, người ăn không hết, kẻ lần không ra - tập 1180"	"83,273"	"2,530"	125		
"Đi tìm tổ chim - lạc giữa rừng hoang, tượng đá bí ẩn và con rùa vàng"	"82,986"	"1,768"	287		
"Một ngày trải nghiệm - cắm câu, săn bắt cá, ẩm thực bên bờ suối cùng anh em"	"82,942"	"1,238"	201		
Trải nghiệm - 24 giờ ở trên rừng	"82,669"	"1,217"	198		
"CHĂN BÒ thuê mướn, lượm phân bò đổi CƠM GẠO ăn - tập 1456"	"82,284"	"2,282"	129		
"Hành trình xây dựng 3 ngôi nhà cho người đồng bào nghèo vùng núi, ngày thứ 3 - tập 162"	"81,855"	"1,465"	124		
"2 VỢ CHỒNG già 40 năm ở trong rừng, VÙNG ĐẤT chó ăn đá, gà ăn sỏi - tập 1300"	"81,463"	"2,094"	114		
THU HOẠCH trái cây thơm ngon ở nhà GÀ LANG THANG - tập 1783	"80,932"	"2,543"	318		
"2 VỢ CHỒNG nghèo mồ côi, đào củ sâm quý, kiếm TIỀN TRIỆU - tập 1516"	"80,645"	"2,663"	211		
"CHA RUỘT uống rượu say, đuổi ra khỏi nhà, CÔ GÁI ôm con bỏ chạy trong đêm, ai cũng XÓT XA - tập 924"	"80,605"	"2,231"	84		
"CẢ ĐỜI chăn dê bò mướn, ước mơ 1 ngày có 3 bữa CƠM ĂN - tập 1299"	"79,897"	"2,215"	102		
"Tắm lá thuốc chữa lành vết thương cho chú chó rừng đáng thương, và nhận tiền hỗ trợ từ mỹ - tập 8"	"79,718"	"1,974"	258		
"Đi tìm tổ chim - tổ cu gáy, tổ gà rừng, tổ chim lạ và chuyến đi sinh tồn"	"79,588"	"1,105"	367		
Bẫy gà rừng - một ngày lang thang trải nghiệm trên rừng núi	"79,383"	"1,434"	144		
"Ông bà cụ sống BIỆT LẬP trong rừng, nơi có nhiều THÚ DỮ hoang dã - tập 739"	"79,053"	"1,858"	68		
"VƯỢT ĐÈO dốc đá, cứu trợ người nghèo ở tận RỪNG SÂU - tập 1396"	"78,671"	"2,347"	215		
"LỜI KỂ, con ma nữ ở gốc cây me, khiến cả gia đình, đói khổ TẬN CÙNG - tập 1185"	"78,518"	"2,459"	126		
"TRỜI ƠI, người nghèo bị dồn vào ngõ cụt, không lối thoát, làm việc CẢ ĐỜI vẫn đói khổ - tập 826"	"78,449"	"2,645"	232		
Chuyện lạ chú chó may mắn chạy thoát khỏi lồ mổ đi lang thang ngoài đường - tập 382	"78,142"	"2,505"	325		
"HÀNH TRÌNH vượt cả 1000 cây số, đi tìm sự sống - tập 1353"	"77,868"	"2,163"	269		
2 chú chó khổng lồ bị nhốt lâu năm giờ đã được tự do - tập 399	"77,566"	"2,554"	374		
"Chăm sóc cho chú chó rừng đáng thương, và chuyến đi tìm thức ăn cho chó - tập 7"	"77,251"	"1,901"	241		
"MÓN QUÀ vô giá, vượt ngàn chông gai, mang ÁNH SÁNG đến cho người nghèo - tập 1372"	"77,236"	"2,119"	136		
Lời cầu cứu của Sư Thầy giải cứu 4 bé chó đáng thương - tập 199	"76,980"	"2,191"	198		
"NGƯỜI ĐÀN ÔNG sống cô độc trong CĂN NHÀ rách nát, nơi hẻo lánh, không một ai LUI TỚI - tập 975"	"76,850"	"2,239"	111		
MẸ GIÀ nuôi đứa con bị TÀN TẬT vui mừng BẤT NGỜ được tặng NGÔI NHÀ mơ ước - tập 875	"76,800"	"2,375"	115		
Tặng cô bé người đồng bào chiếc xe đạp yêu thương để đi học - tập 157	"76,670"	"1,324"	127		
"CÔ BÉ tìm chữ trong ngôi nhà DỘT NÁT bữa đói bữa no, QUẦN ÁO mặc chưa đủ ấm - tập 859"	"76,614"	"2,570"	146		
Đi tìm tổ chim - phát hiện ổ gà rừng	"75,741"	"1,014"	213		
"Chú chó rừng đáng thương được ân nhân giúp đỡ, mua vật dụng cá nhân mới - tập 17"	"75,710"	"2,448"	452		
"TỪ BỎ tất cả sống ẨN CƯ ở núi rừng, vì mọi người XA LÁNH - tập 1354"	"75,613"	"2,436"	138		
"Những chú chó bất hạnh bị ngược đãi bỏ rơi, sau khi được chàng trai nghèo cứu về nuôi - tập 347"	"75,366"	"1,437"	133		
"Cô bé 6 tuổi nặng 12 kí mang căn bệnh kì lạ, khù khờ, gù xương lưng, cong vẹo cổ - tập 552"	"75,156"	"1,379"	63		
"Xót thương, 2 bé gái mắc căn bệnh lạ, vi khuẩn bò khắp cơ thể 2 bé - tập 639"	"74,393"	"1,751"	272		
"CHÀNG TRAI trẻ bật khóc nức nở trong hạnh phúc, món quà từ ÂN NHÂN - tập 1355"	"74,049"	"2,545"	145		
"Phía sau "" Sự Thật "" về cuộc sống vất vả của "" Gà Lang Thang "" hy sinh tất cả vì .. tập 585"	"73,927"	"2,321"	238		
"ĐI TÌM nguồn nước sạch cho người nghèo, ai cũng ƯỚC MƠ có nước - tập 1477"	"73,818"	"2,564"	169		
"Xây dựng nhà cho người đồng bào nghèo miền núi, căn nhà số 7 - tập 213"	"73,667"	"1,475"	77		
"Tin buồn rơi nước mắt, đã có kết quả xét nghiệm của chú chó rừng đáng thương - tập 25"	"73,337"	"2,042"	994		
"Người phụ nữ gánh gồng gia đình, đốt than củi, làm thuê mướn mưu sinh, bữa đói bữa no - tập 599"	"73,231"	"1,668"	68		
Ngày thứ 2 điều trị chữa bệnh cho chú chó rừng đáng thương - tập 22	"73,152"	"2,244"	459		
"Đi tìm tổ chim - chim chòe đất, chim dã ca, chim hút mật, chim cò núi, chim cu vằn"	"72,913"	"1,138"	127		
"Hành trình xây dựng 3 ngôi nhà cho người đồng bào nghèo vùng núi, ngày thứ 2 - tập 161"	"72,845"	"1,341"	84		
"GỬI NGÀN yêu thương đến người nghèo, ƯỚC MƠ có nhà mới - tập 1339"	"72,826"	"2,450"	138		
"Dọn dẹp vệ sinh, chăm sóc cho chú chó rừng đáng thương, để em lượm luôn khỏe mạnh - tập 15"	"72,703"	"2,609"	492		
"THỰC HIỆN ước mơ cho người nghèo, xây dựng TƯƠNG LAI mới - tập 1400"	"72,650"	"2,186"	144		
"Người PHỤ NỮ ở trong NGÔI NHÀ tan nát TE TUA cơm không đủ ăn, nhặt phân BÒ đổi GẠO ăn - tập 940"	"72,422"	"2,425"	126		
"Làm trung tâm thú y mini, để chăm sóc đặc biệt cho chú chó rừng đáng thương - tập 16"	"72,243"	"2,270"	422		
Con chó đen quý hiếm có thể xua đuổi tà ma trong nhà - tập 411	"72,237"	"1,738"	183		
"Hành trình xây dựng 3 ngôi nhà cho người đồng bào nghèo vùng núi, ngày thứ 4 - tập 163"	"71,823"	"1,525"	141		
Chú chó khóc cạn nước mắt khi biết chủ nhân bệnh nặng sắp rời xa thế giới bỏ lại con - tập 384	"71,776"	"2,244"	250		
"Trở lại thăm bé chó tôm, rơi nước mắt vì thấy cuộc sống bé tôm hiện tại - tập 306"	"71,488"	"1,628"	211		
VÌ TIỀN cô gái chạy vô rừng TRÚ ẨN suốt 20 năm - tập 1533	"71,392"	"2,333"	121		
"ĐI TÌM, sự sống cho 2 ĐỨA TRẺ mang căn BỆNH LẠ, cố gắng hết sức khi còn HY VỌNG - tập 824"	"71,169"	"2,109"	186		
"TẬN CÙNG của sự nghèo khổ, ăn ở trong CĂN NHÀ ổ chuột, rách TE TUA - tập 1403"	"70,986"	"2,144"	133		
"NIỀM VUI của chị gái KHỜ, khi rời xa vòng tay của CHA, ai nhìn thấy cũng MẾN THƯƠNG - tập 886"	"70,202"	"2,748"	169		
"ĐIỀU ƯỚC của người nghèo, CƠM đủ ăn, quần áo đủ ấm, ngôi nhà che NẮNG MƯA - tập 910"	"70,197"	"2,099"	126		
"Người đàn bà quái lạ, hút thuốc nhiều hơn ăn cơm, ai nhìn thấy cũng khiếp sợ - tập 629"	"70,151"	"1,039"	78		
"VƯỢT KHÓ thoát cảnh nghèo, hai bàn tay trắng, THAY ĐỔI cuộc đời - tập 1525"	"69,593"	"2,196"	113		
Hành trình gian nan giải cứu chú heo siêu quậy và đón chú chó bị chủ bán để trả nợ - tập 296	"68,680"	"1,698"	145		
"Đi tìm tổ chim, bắt được chim đại bàng giả lừa ông anh trai cười xỉu"	"68,493"	764	160		
"Yêu động vật, ngôi nhà hạnh phúc cưu mang tất cả các chú chó đáng thương - tập 331"	"67,902"	"1,350"	136		
"Chào đón 3 thành viên mới, cưu mang 3 chú chó bị bỏ rơi ở công viên - tập 232"	"67,420"	"1,460"	90		
HẠNH PHÚC giản đơn của người nghèo là có chổ che NẮNG MƯA và CƠM GẠO ăn - tập 900	"67,340"	"2,361"	99		
"VAY TIỀN 20 triệu, 4 năm sau TIỀN LÃI tăng cao 90 triệu, người phụ nữ MẤT ĐẤT - tập 1314"	"67,290"	"2,203"	137		
"Cứu vật, vật trả ơn, từ một chàng trai nghèo, trở thành ông chủ trang trại nuôi chó lớn - tập 343"	"67,208"	"1,899"	148		
Rớt nước mắt khi nhìn thấy những chú chó của người đồng bào nghèo đói ốm trơ xương - tập 511	"66,897"	"1,185"	170		
"CHẤN ĐỘNG cả xóm làng, em ruột L.Ừ.A chị gái, bay hết NHÀ CỬA phải ra bờ ra bụi ở - tập 1387"	"66,659"	"2,110"	121		
"CẢ XÓM vui mừng như TẾT, nhảy tưng bừng, vì ai cũng GẠO đầy lu, thức ăn đầy đủ - tập 823"	"66,561"	"2,165"	128		
Sinh tồn - đi tìm thức ăn ở núi rừng hoang dã	"66,533"	"1,438"	200		
"Ước mơ của GÀ LANG THANG, đi coi xe ôtô - tập 336"	"66,303"	"1,902"	160		
"Lời tâm sự về quá khứ, và cơ duyên đến với công việc cứu hộ động vật - tập 334"	"66,251"	"1,864"	196		
"Cụ ông đi nhặt ve chai bị mìn nổ cụt một chân, cụ bà đi lượm phân bò lấy phân đổi gạo - tập 598"	"65,596"	"1,517"	91		
"Giải cứu chú chó bị xiềng xích suốt 3 năm ngoài gốc cây, chịu đựng đói khát, mưa gió - tập 374"	"65,362"	"2,313"	599		
"2 VỢ CHỒNG hạnh phúc, vui mừng vì được TẶNG ngôi nhà MƠ ƯỚC, cả đời không dám nghĩ tới - tập 885"	"65,332"	"2,444"	113		
Lý do tại sao GÀ LANG THANG mất tích 1 thời gian dài - tập 314	"64,972"	"2,218"	218		
"2 ĐỨA BÉ đáng thương, tương lai các con sẽ đi VỀ ĐÂU - tập 1276"	"64,953"	"1,759"	160		
"Đi tìm tổ chim, chích chòe than đất, và phát hiện tổ chim lạ"	"64,834"	641	162		
"Cả ngôi làng nghèo, te tua, tơi tả vui mừng rớt nước mắt vì được các nhà hảo tâm tặng quà - tập 485"	"64,372"	"1,397"	86		
"Giải cứu 14 chú chó trong lò mổ, chậm 1 giây là các chú chó mất 1 đời - tập 265"	"63,946"	"2,189"	338		
"AI KHỔ bằng bà cụ, mồ côi CHA MẸ từ nhỏ, ở trong rừng kiếm từng BỮA CƠM - tập 1157"	"63,903"	"2,475"	124		
"Tin vui, chú chó đáng thương xấu số đã có hi vọng được cứu sống - tập 20"	"63,801"	"2,103"	580		
"NGƯỜI ĂN không hết, kẻ lần không ra, đi tìm từng GIỌT NƯỚC - tập 1366"	"63,761"	"1,972"	145		
"Hành trình đưa chú chó rừng đáng thương đi khám bệnh, và làm lại nơi ở cho em lượm - tập 14"	"63,711"	"2,060"	291		
"Người phụ nữ, LẤY NHẦM 3 người chồng, phải CHẠY TRỐN vì bị chồng làm CHUYỆN ẤY suốt đêm - tập 1140"	"63,306"	"2,336"	147		
Đi tìm tổ chim - gặp con rắn khổng lồ	"62,971"	938	133		
"GÀ LANG THANG tạm ngừng làm việc, về nhà cưu mang chó - tập 609"	"62,848"	"1,677"	92		
"MẸ RUỘT vứt bỏ con, để lại 3 đứa nhỏ, cho ÔNG LÃO chăm nuôi, sống trong bụi rậm - tập 832"	"62,680"	"2,018"	140		
"LO TÌM miếng ăn, quên luôn tuổi mẹ đẻ, sống tạm nhà cũ DỘT MƯA - tập 1569"	"62,238"	"1,944"	106		
Chú chó hoang sinh 4 bé chó con ở trong rừng - tập 81	"61,971"	"1,409"	282		
"Gia đình 6 người con không ai giúp đỡ mẹ già, bỏ mặc mẹ già bị mù đôi mắt - tập 517"	"61,544"	811	60		
Đi tìm tổ chim - hành trình đi tìm tổ chim cu gáy	"61,269"	729	98		
"Bữa ăn ngon nhất cho chú chó rừng đáng thương, em lượm đã ăn như chưa từng được ăn - tập 11"	"61,250"	"1,809"	291		
"Thật bất ngờ, khi trở lại thăm 8 chú chó trên núi ốm trơ xương ngày nào - tập 431"	"61,207"	"1,503"	128		
CÔ GÁI mắc căn BỆNH LẠ 30 năm TRÚ ẨN trong căn nhà hoang tàn - tập 843	"60,697"	"1,947"	72		
"Thử bỏ con rắn vào trong tổ chim, xem phản ứng chim mẹ sẽ như thế nào ?"	"60,554"	585	61		
Đi tìm tổ chim - phát hiện ổ gà rừng và nuôi chim cu gáy con	"60,431"	994	187		
Đi tìm tổ chim - con chim sáo trở về sau 2 tuần đi bụi	"59,938"	"1,495"	249		
"Tin buồn, chú chó bị bệnh care và chú chó rừng đáng thương - tập 27"	"59,932"	"1,661"	396		
"CÁM ƠN, hàng triệu trái tim, đã hướng đến người nghèo MIỀN NÚI - tập 1410"	"59,812"	"2,139"	177		
"Hàng trăm con chó lang thang bất hạnh, nay bỗng nhiên nổi tiếng có cuộc sống sung sướng - tập 413"	"59,640"	"1,692"	164		
"THƯƠNG NGƯỜI như thể thương thân, điều ước đến, cứ ngỡ là GIẤC MƠ - tập 1189"	"59,578"	"2,181"	95		
"Trở lại tìm con chó bị thú dữ cắn rách bụng, và giúp đỡ người đàn ông đứt chân - tập 424"	"58,914"	"1,641"	127		
"Xót xa, cha mẹ mất hết để lại 2 chú cháu bại liệt 2 chân bẩm sinh sống nương tựa vào nhau - tập 524"	"58,559"	"1,025"	63		
"Cụ bà mù đôi mắt, có con nhưng con không nuôi, bỏ bà sống bơ vơ giữa rừng núi - tập 596"	"58,119"	"1,554"	86		
GÀ LANG THANG gặp nạn khi trên đường làm thiện nguyện và giải cứu các chú chó - tập 429	"57,562"	"1,628"	226		
Hành trình đưa chú chó rừng đáng thương đi tìm bác sĩ giỏi để chữa bệnh - tập 21	"57,486"	"1,970"	374		
"Thử hoán đổi tổ chim, xem phản ứng chim mẹ sẽ như thế nào ?"	"57,083"	543	97		
"Giải cứu chú chó đáng thương xấu số, video buồn rơi nước mắt - tập 19"	"56,746"	"1,676"	390		
"ÉO LE cuộc đời, lời khẩn cầu của BÀ LÃO ăn chay - tập 1416"	"56,612"	"1,878"	188		
Cuộc tranh cải gay gắt để dành lấy sự sống cho các chú chó đáng thương - tập 328	"56,002"	"1,527"	181		
Hành trình giải cứu gấp các chú chó bị người xấu hâm dọa g.i.ế.t c.h.ế.t - tập 322	"55,995"	"1,814"	197		
"Leo đèo, lội suối, đến vùng đất khô cằn, nơi tận cùng của sự nghèo đói - tập 618"	"55,443"	"1,243"	96		
Cảm xúc vui mừng hạnh phúc của chú chó liệt 2 chân được tắm rửa sạch sẽ - tập 408	"55,162"	"2,153"	205		
Lần đầu tiên làm thợ cắt tóc cho chú chó khổng lồ - tập 401	"54,876"	"1,913"	229		
Đi tìm tổ chim - trở lại thăm tổ chim quý hiếm và phát hiện ổ gà rừng	"54,859"	"1,201"	253		
"40 NĂM ở trong CĂN NHÀ rách nát, BẤT NGỜ vui mừng vì được TẶNG ngôi NHÀ mới - tập 961"	"54,806"	"2,196"	101		
"CỤ BÀ 100 tuổi ở trong RỪNG, bị 2 KẺ LẠ MẶT đến lấy hết GẠO - tập 891"	"54,748"	"2,029"	130		
"Phiên chợ không đồng, mạnh thường quân gửi tặng cho người đồng bào nghèo miền núi - tập 551"	"54,530"	"1,181"	46		
Ngày thứ 3 điều trị chữa bệnh chú chó rừng đáng thương đã khỏe rất nhiều - tập 23	"54,143"	"1,862"	354		
Ngày thứ 4 chú chó rừng đáng thương giận hờn không chịu đi bác sĩ khám chữa bệnh - tập 24	"54,060"	"1,773"	330		
"Cả gia đình vui mừng, vì đã cứu được cô bé chết đi sống lại 7 lần, như một phép lạ - tập 605"	"53,953"	"1,409"	71		
"MỒ CÔI cha mẹ, không CHỒNG CON, không nơi nương tựa, BỆNH TẬT cơm không có ăn - tập 908"	"53,866"	"2,139"	98		
"Gia đình nghèo, sinh đông con, ở trong rừng sâu ít ai biết đến - tập 597"	"53,484"	"1,532"	64		
Giải cứu chú chó lang thang trong rừng ốm trơ xương - tập 204	"53,430"	"1,981"	205		
Giải cứu bé heo rừng và tặng gạo thức ăn cho người nghèo và các bé chó - tập 198	"52,327"	"1,349"	165		
"Hạnh phúc vỡ òa của cô bé hiếu học miền núi, ước mơ trở thành hiện thực - tập 621"	"51,684"	"1,330"	50		
Khu đất làm công viên nuôi chó thứ 2 của GÀ LANG THANG trong tương lai - tập 303	"51,545"	"1,477"	158		
Chú chó rừng đáng thương nguy kịch phải đưa vào sài gòn chữa bệnh gấp - tập 18	"51,535"	"1,759"	437		
Tin đồn về bé lượm đã mất và sự thật - tập 93	"51,393"	"1,910"	328		
"Không dám ăn cơm sớm, vì sợ đói, cả đời sống trong cảnh nghèo khổ - tập 349"	"51,093"	992	75		
Hành trình đưa các bé chó hoang trên rừng về nhà - tập 96	"51,026"	"2,126"	349		
"Đi tìm tổ chim - tổ cu gáy cuối mùa, gặp con rắn độc và con tắc kè hung dữ trong ngôi nhà hoang"	"50,739"	528	106		
Thử thách sinh tồn - đi vô rừng tìm thức ăn có dễ hay không?	"50,360"	"1,112"	153		
"Đi tìm tổ chim - chia sẻ kinh nghiệm đi tìm tổ chim từ A đến Z, tìm là thấy tổ chim ngay"	"50,260"	868	86		
"Đi tìm tổ chim - huýt cô, cút rừng, lợn rừng, ong rừng"	"50,188"	677	106		
Lần cuối cùng trở lại thăm 8 con chó ở trên núi sẽ ra sao - tập 442	"49,902"	"1,297"	90		
Truy tìm chú chó bị thú dữ cắn rách bụng trong rừng - tập 465	"49,825"	"1,021"	112		
"Chị Xinh ra viện về quê đón Tết, hạnh phúc vỡ oà - tập 602"	"49,500"	"1,451"	174		
Cụ bà bí ẩn hơn 100 tuổi sống neo đơn một mình - tập 164	"49,388"	964	83		
GÀ LANG THANG nhận món quà từ mỹ lần thứ 2 - tập 84	"48,785"	"1,411"	113		
"Con chim sáo hung hăng đá người, bán chim cu gáy, chào mào, trích cồ, và bẫy chim quốc, gà nước"	"48,639"	648	151		
"Nhiệm vụ bất khả thi, đã hoàn thành, giải cứu 3 chú cún con thành công - tập 290"	"48,485"	"1,799"	327		
Đi tìm tổ chim - 1 tổ chim cu và 1 con rùa vàng	"48,338"	515	93		
Giấc mơ xây dựng trang trại cưu mang những chú chó đáng thương của GÀ LANG THANG - tập 318	"47,716"	"1,408"	138		
"Trải nghiệm 24h ở trong rừng sâu, khám phá những điều mới lạ - tập 173"	"47,315"	"1,076"	149		
Đưa chú chó rừng đáng thương trở về quê hương sống những ngày hạnh phúc cuối đời - tập 25	"47,018"	"1,744"	482		
"Chú chó thông minh chấp tay quỳ lạy để xin ăn, khiến ai cũng yêu mến - tập 458"	"46,583"	"1,238"	105		
"Đi tìm tổ chim - con gì đây?, hãy giúp tôi trả lời câu hỏi ấy"	"44,827"	735	224		
Sự thật đau lòng rơi nước mắt lúc bé lượm sống lang thang một mình trong rừng - tập 45	"44,783"	"1,718"	293		
"Lời tâm sự buồn, giúp vật, vật trả ơn, giúp người, người trả oán - tập 369"	"44,494"	"1,950"	390		
"Duyên số gặp lại chú chó rừng đáng thương, em ấy rất đói khát, và kiệt sức - tập 2"	"44,159"	"1,214"	206		
"Bé lượm khóc như đứa trẻ, bé bi đã vui vẻ trở lại sau khi mất niềm tin vào con người - tập 44"	"44,157"	"1,704"	324		
"Giăng lưới bắt cá - cá suối thiên nhiên, hấp dẫn từng giây từng phút"	"43,334"	936	162		
"Tin buồn, chú chó đưa về từ vùng núi cao đã bị mất tích - tập 29"	"43,279"	"1,396"	274		
Đi tìm tổ chim - phát hiện nhiều tổ chim lạ và đại bàng nơi hoang dã	"43,065"	698	116		
"NGƯỜI ĐÀN ÔNG dị tật MỘT CHÂN, cảm xúc KHÓ TẢ, vì được TẶNG BÒ, 50 năm mới có 1 lần - tập 920"	"42,674"	"1,862"	98		
Làm ngôi nhà mới tuyệt đẹp cho chú chó rừng đáng thương - tập 26	"42,656"	"1,592"	439		
2 tên đạo tặc trộm chó với tấm lòng yêu thương động vật gây xôn xao cộng đồng mạng - tập 376	"42,355"	"1,924"	370		
Đi tìm tổ chim - tìm tổ chim và tìm thức ăn nước uống ở rừng	"42,041"	916	98		
Vượt 800 cây số thức trắng đêm để mua máy thở oxi khẩn cấp chữa bệnh cho các chú chó - tập 359	"41,830"	"1,114"	107		
Lần đầu tiên lãnh tiền YOUTUBE doanh thu được bao nhiêu??	"41,627"	"1,688"	186		
"Đi tìm tổ chim - tìm tổ chim chòe đất, gặp mèo rừng"	"41,414"	977	129		
Giải cứu 2 mẹ con chú chó đáng thương đang trên đường đưa đi bán vô lò mổ - tập 233	"41,233"	"1,574"	257		
Rớt nước mắt khi nhìn thấy chú chó quá đáng thương bị bỏ rơi trong rừng - tập 513	"41,076"	"1,782"	208		
"Hết hồn, GÀ LANG THANG xém mất mạng vì lý do này - tập 453"	"40,785"	"1,797"	258		
Giải cứu khẩn cấp chú chó đáng thương và 765 sinh mạng trong lồ mổ - tập 519	"40,612"	"1,061"	94		
"Câu chuyện bất ngờ, chú chó bị bắt cóc, may mắn gặp lại chủ nhân - tập 329"	"40,335"	"1,559"	275		
"Quá khổ, con người còn ăn lá cây, con vật biết ăn cái gì để sống - tập 433"	"40,091"	"1,214"	117		
Chạy 80km mua sữa về bồi bổ chăm sóc cho chú chó rừng đáng thương - tập 9	"39,766"	"1,658"	208		
"Bắt cá đồng mùa lúa chín - cá rô mề, cá lóc, cá trê, sự trùng hợp và con chim kì lạ"	"39,282"	735	165		
"MẸ GIÀ vất vả nuôi con, hi sinh tất cả vì con, đến khi khôn lớn con bỏ rơi Mẹ - tập 922"	"39,018"	"1,717"	86		
"2 con chó, 1 con xấu số, 1 con may mắn được Gà cứu - tập 407"	"38,601"	"1,429"	120		
"Đi tìm tổ chim - 3 tổ chim lạ, và phát hiện chú chim đầu rìu một cánh"	"38,118"	380	129		
"Đi tìm tổ chim - bậc thầy làm tổ, loài chim làm tổ độc nhất vô nhị"	"37,782"	468	184		
"Bất ngờ đàn chó ốm trơ xương, hôm nay mập ú tròn trịa - tập 402"	"37,633"	"1,383"	149		
Đi tìm tổ chim - cận cảnh đàn chim rừng đang tắm	"37,257"	791	87		
"Nhiệm vụ bất khả thi, lần đầu tiên GÀ LANG THANG đi t.r.ộ.m chó - tập 289"	"37,115"	"1,993"	425		
Gà Lang Thang trúng xổ số chơi lớn mua hết thú cưng về nuôi	"36,881"	828	107		
GÀ LANG THANG đã thuần được các bé chó hoang trong rừng - tập 89	"36,367"	"1,245"	247		
Chú chó bị xiềng xích suốt 3 năm ngoài bụi cây bị trầm cảm nặng nay đã vui vẻ trở lại - tập 379	"36,027"	"1,904"	279		
"Xúc động, hoàn cảnh nghèo, ăn cơm với những món ăn độc lạ khó ăn - tập 361"	"35,754"	"1,100"	98		
"Đi tìm tổ chim - quành quạch, cu gáy, và phát hiện tổ chim lạ"	"35,700"	588	139		
Hành trình xây dựng mái ấm cho người đồng bào nghèo miền núi - ngày thứ 2 - tập 195	"35,620"	847	81		
"Cảm động rơi nước mắt, trước câu chuyện người phụ nữ yêu thương chó mèo - tập 245"	"35,535"	"1,192"	172		
Gia đình nghèo vùng núi tiếp tục nhận món quà cứu trợ từ mỹ - tập 146	"35,325"	"1,128"	137		
GÀ LANG THANG bị các bé chó hoang trong rừng tấn công dữ dội - tập 102	"35,101"	"1,443"	199		
"Cụ bà 91 tuổi bị căn bệnh lạ, cùi cụt hết 2 tay 2 chân, bà sống đau khổ suốt đời - tập 520"	"35,027"	679	46		
Món quà to lớn đặc biệt từ MỸ và CANADA - tập 363	"34,990"	"1,439"	130		
"Trở lại tặng quà cho gia đình nghèo vùng núi, bất ngờ cuộc sống của họ hiện tại - tập 158"	"34,778"	"1,130"	100		
"Đi tìm tổ chim - 1 tổ bách thanh, 2 tổ cu rừng, 1 tổ quành quạch, 1 tổ chào mào, 1 tổ ong ruồi"	"34,751"	718	177		
"Chủ trốn nợ, bỏ lại 3 con chó lang thang bị cẩu tặc rình mò bắt bán ăn thịt - tập 441"	"34,622"	"1,156"	98		
"Đưa chú chó rừng đáng thương đi tắm biển, bé lượm vui khi nhìn thấy rừng - tập 28"	"34,584"	"1,634"	312		
Xót thương người đàn ông bị dị tật bẩm sinh bò lết trên núi - tập 209	"34,505"	975	102		
"Đi tìm tổ chim - 2 tổ cu luồng, 1 tổ cu gáy, 1 tổ quành quạch, 3 tổ ong ruồi"	"34,492"	416	135		
"Mùa trái cây rừng chín rộ, lên rừng hái trái cây rừng, một ngày bội thu - tập 181"	"34,347"	"1,134"	90		
GÀ LANG THANG đập thùng quà khổng lồ từ CANADA gửi tặng - tập 269	"34,120"	"1,294"	140		
"Tin vui, 1 chú chó trong 14 chú chó cứu trong lò mổ đã sinh đôi - tập 270"	"34,071"	"1,316"	145		
Đi tìm tổ chim - tổ chim chích chòe đất đầu mùa	"34,019"	702	209		
Trải nghiệm sinh tồn - đào hang bắt còng gió và lặn biển bắt ốc trên đảo hoang - tập 1	"33,890"	851	102		
"Tặng 2 năm học phí cho 2 bé người đồng bào miền núi, ước mơ cho em - tập 170"	"33,610"	653	46		
"Đi tìm tổ chim - đặt camera xem tổ chim lạ, và bẫy dông đất nhưng dính chim"	"33,356"	516	113		
Câu cá dính chim - giải cứu 5 chú chim cu rừng về với thiên nhiên	"33,244"	546	106		
Chuyến hành trình giải cứu các chú chó xa nhất từ trước đến nay 1000km - tập 324	"33,233"	"1,292"	117		
Ngày buồn nhất - bé lượm chú chó thông minh đã ra đi mãi mãi - tập 104	"33,201"	"1,766"	580		
Hành trình vất vả chạm đến ước mơ giải cứu động vật - tập 400	"33,107"	"1,236"	148		
"Ăn trái rừng - biệt đội ham ăn vào rừng ăn sạch trái cây rừng, mùa trái cây rừng chín rộ"	"32,934"	620	82		
"Săn bắt - chui vào rừng già bắt ngao biển lâu năm, 1 ngày nhiều niềm vui và may mắn"	"32,889"	662	155		
"Thử lấy trứng vịt bỏ vô tổ chim lạ, xem phản ứng của chim mẹ như thế nào ?"	"32,821"	298	93		
"Vào rừng hái trái cây rừng bán tiền triệu - bắt tắc kè, thằn lằn đá, ở ngôi nhà hoang"	"32,381"	658	144		
Bẫy gà rừng - con gà định mệnh và tổ chim hết mùa	"32,141"	689	84		
Chú chó bị chủ nuôi nhốt xiềng xích bị bại liệt 2 chân hiện giờ ra sao - tập 461	"32,012"	"1,203"	100		
"Xúc động, tâm nguyện cuối cùng của người phụ nữ mang căn bệnh ung thư dành cho 3 bé chó - tập 320"	"31,879"	"1,371"	311		
"Rớt nước mắt, 5 con chó bị bệnh cận kề cái chết đã được cứu sống - tập 427"	"31,739"	"1,277"	127		
"Đi tìm tổ chim - 2 tổ gà rừng, 2 tổ ong rừng, 1 ngày may mắn"	"31,666"	649	171		
Trải nghiệm sinh tồn - đi tìm thức ăn trên đảo hoang	"31,621"	585	86		
GÀ LANG THANG bất ngờ nhận món quà to lớn đến từ nước Mỹ và Úc - tập 509	"31,426"	"1,163"	123		
Đi tìm tổ chim - tặng cặp chim cu cho người may mắn	"31,277"	756	238		
Anh chàng khuyết tật nhận món quà lớn từ các mạnh thường quân - tập 220	"31,153"	"1,068"	86		
"Đi tìm tổ chim, phát hiện tổ chim huýt cô, chim cu rừng, và nhiều tổ ong rừng khủng"	"31,061"	340	50		
"GÀ LANG THANG gặp sự cố giữa đèo, khi trên đường đưa các bé chó về nhà - tập 140"	"30,434"	"1,461"	274		
"Tin vui, chú chó rừng đáng thương đã có hy vọng vượt qua căn bệnh hiểm nghèo - tập 33"	"30,405"	"1,380"	276		
"Chuyện lạ có thật của chú chó hiện thân của bé lượm, rùng rợn khi biết sự thật phía sau - tập 287"	"30,356"	"1,388"	238		
"Màn lột xác của 8 chú chó ốm trơ xương, cơm không có ăn ngày nào - tập 410"	"30,294"	"1,236"	148		
Lấy hết gia tài mua chiếc siêu xe về chở cưu mang chó - tập 417	"30,241"	"1,249"	114		
Cảm xúc của 2 chú chó bị chủ xiềng xích ngược đãi khi được tự do - tập 381	"29,945"	"1,679"	258		
Cưu mang chú chó bị bệnh hiểm nghèo đáng thương - tập 28	"29,772"	"1,362"	281		
"Điềm báo, chó sinh 1 con duy nhất, là vận may, hay điềm báo xấu - tập 241"	"29,410"	793	180		
"Gia đình nghèo cơm không có ăn, đi nhặt ve chai kiếm sống qua ngày - tập 207"	"29,399"	708	59		
Cưu mang chú chó cắn gà bị chủ bỏ rơi - tập 76	"29,379"	"1,084"	125		
Món quà đặc biệt mơ ước của GÀ LANG THANG từ CANADA - tập 113	"28,960"	"1,155"	110		
GÀ LANG THANG bức xúc về bác mủ trôm vì bác đối xử không tốt với 4 mẹ con bé chó - tập 286	"28,864"	"1,238"	271		
Đi tìm tổ chim - tổ chim cu gáy đầu mùa cực đẹp	"28,696"	527	106		
Đi tìm tổ chim - tìm tổ chim chòe đất đầu mùa	"28,601"	906	180		
"Giải cứu khẩn cấp chú chó mang thai bán vô lò mổ thịt, 1 xác nhiều mạng - tập 234"	"28,477"	"1,237"	251		
GÀ LANG THANG đã tìm được cách giúp đỡ người đàn ông trở về với gia đình - tập 120	"28,366"	744	124		
"Rớt nước mắt, khi nhìn thấy những con chó bị ướt mưa, lạnh lẽo, đói khát - tập 452"	"28,359"	"1,099"	159		
GÀ LANG THANG đi hái loại trái cây rừng 90% người VIỆT NAM không biết trái này - tập 151	"28,220"	994	162		
GÀ LANG THANG bán chó - tập 121	"28,192"	845	86		
"Trái cây rừng - đi rừng hái trái cam đường, quả mãng cầu, mùa trái cây nở rộ"	"27,844"	619	179		
"Đi tìm tổ chim - tổ cu gáy, tổ cu lửa, tổ cu luồng, tổ ong ruồi, và bất ngờ nhận món quà từ mỹ"	"27,810"	684	173		
"Bẫy chim quốc - theo chân cao thủ bẫy chim quốc, về nuôi lồng AVI"	"27,730"	244	58		
"QUÁI LẠ, người đàn ông trú ẩn trong nhà, không dám ra ngoài, vì sợ ánh nắng mặt trời - tập 737"	"27,553"	849	80		
"Chưa bao giờ nhìn thấy cảnh này, căn bệnh quái lạ đeo bám người phụ nữ hơn 20 năm - tập 637"	"27,175"	686	70		
Bắt về một cặp gà rừng nuôi cảnh và cho chim sáo ăn sâu gạo	"27,159"	587	72		
"Đi tìm tổ chim - tìm người may mắn, tặng chim"	"27,034"	806	725		
Ăn trái rừng - trái cây rừng ngon nhất	"27,003"	617	210		
Làm nhà mới cho 2 chú chó bất hạnh bị xiềng xích suốt 3 năm ngoài bụi cây - tập 377	"26,874"	"1,577"	334		
Xúc động nhìn thấy những con chim tỏ vẻ biết ơn ân nhân đã cứu sống chúng từ lò giết mổ - tập 443	"26,730"	834	74		
Ly kỳ con chó nhỏ có tài năng bơi lội như vận động viên chuyên nghiệp - tập 420	"26,425"	"1,082"	111		
1 chú chó hoang chạy vào nhà GÀ LANG THANG sinh 3 bé chó con dễ thương - tập 274	"26,331"	"1,251"	163		
Giây phút hồi hộp giành giật lại sự sống cho 2 chú chó bị bán vô lồ mổ - tập 394	"26,102"	"1,285"	210		
Câu cá biển - cả đàn cá nhồng khủng kéo nhau vô bờ tấn công các cần thủ	"25,983"	385	77		
"Sốc, tin buồn về bé chó nâu, bé su, và em gái GÀ LANG THANG xém phải nhập viện - tập 445"	"25,857"	"1,225"	228		
"Tổ chức sinh nhật cho chú chó rừng đáng thương, bé lượm cảm động rơi nước mắt - tập 27"	"25,629"	"1,336"	324		
"Món quà tinh thần cho chú chó rừng đáng thương, bé lượm hạnh phúc - tập 30"	"25,353"	"1,323"	236		
"Hỏi và đáp, GÀ LANG THANG xây dựng trại nuôi chó 300 triệu - tập 316"	"25,117"	"1,090"	109		
Xót thương chú chó bị chủ bỏ đói lang thang tìm kiếm ăn - tập 31	"25,101"	"1,284"	284		
"Bất chấp tất cả giải cứu bé cún con, hỏi mua không bán là bắt về luôn - tập 378"	"25,082"	"1,564"	238		
Bữa ăn ngon nhất cho các bé chó hoang đưa về từ rừng - tập 98	"24,950"	"1,082"	190		
Đi tìm tổ chim - tặng chim cu ngói cho người may mắn	"24,938"	597	248		
Đi tìm tổ chim - một ngày lang thang tìm kiếm thật nhiều tổ chim	"24,906"	693	125		
"Video xúc động, chia tay em ngọc cameramen - tập 386"	"24,766"	"1,444"	190		
"Những con chó bỏ hoang đói khát, và 2 con khỉ bị dính bẫy cụt tay, què chân - tập 358"	"24,592"	893	98		
"Rớt nước mắt, đã không còn kịp để cứu các con chó bị giun sán - tập 421"	"24,471"	"1,156"	144		
"Bữa ăn ngon nhất của các chú chó, ốm trơ xương chỉ biết ăn cháo loãng - tập 397"	"24,438"	990	183		
"Đi tìm tổ chim - 1 tổ cu gáy, 6 tổ cu luồng, 1 tổ ong ruồi"	"24,367"	473	169		
"Cuộc tranh cải gay gắt bắt trộm chó, giữa bác chăn bò và bác mủ trôm - tập 332"	"24,145"	884	133		
"Chó là động vật trung thành với con người nhất, hãy yêu thương chúng, vì chúng là bạn - tập 356"	"23,842"	783	82		
"Giây phút chú chó trắng gặp nạn, tôi đã khóc rất nhiều khi nhìn thấy chú chó - tập 340"	"23,764"	"1,094"	436		
Đi tìm tổ chim - phát hiện ổ mèo rừng nơi hoang dã - tập 350	"23,651"	943	112		
1 ngày tồi tệ nhất của GÀ LANG THANG - tập 67	"23,461"	"1,023"	580		
"Tin vui và buồn, bé cam hết bệnh, bé bi không còn tin vào con người nữa - tập 39"	"23,329"	"1,218"	193		
Ngôi nhà bé nhỏ của YOUTUBER Gà Lang Thang	"23,320"	593	105		
"Đi tìm tổ chim - tổ chim cu đẹp nhất mà tôi đã từng nhìn thấy, cu luồng, loài chim quý hiếm"	"23,250"	452	131		
Người đàn ông không có tiền đón xe về quê sống lang thang ngoài đường - tập 118	"23,063"	792	72		
Lời cầu cứu của một chú chó bị xiềng xích suốt nhiều năm bị ngược đãi - tập 423	"23,037"	944	91		
"Chú chó 3 năm bị xiềng xích ngược đãi, nay đã được tự do hạnh phúc - tập 380"	"22,944"	"1,413"	174		
"Chú chó bị mù 1 con mắt bị xiềng xích suốt 2 năm ngoài bụi cây, đói khát, mưa gió - tập 375"	"22,886"	"1,349"	371		
Đi tìm tổ chim - mệt mỏi khi truy đuổi bắt chim cu rừng	"22,676"	411	106		
GÀ LANG THANG nhận món quà quý giá từ nước ngoài - tập 61	"22,521"	"1,350"	127		
GÀ LANG THANG bị bé lượm nổi điên cắn - tập 50	"22,376"	"1,060"	414		
Trở lại thăm các bé chó hoang trong rừng và cho các bé ăn bữa cơm đặc biệt - tập 85	"22,374"	"1,016"	237		
"Giải cứu gấp 2 chú chó cận kề trên bàn mổ thịt, thật may mắn cho 2 bé chó đáng thương - tập 235"	"22,369"	"1,097"	222		
"Đi tìm tổ chim - 3 tổ chim lạ, và 3 tổ ong ruồi"	"22,320"	386	103		
Đi tìm tổ chim - gợi nhớ lại kí ức tuổi thơ	"22,249"	728	164		
Câu cá - 1 ngày đi câu cá của Gà Lang Thang	"22,187"	539	96		
Đi tìm tổ chim - nuôi chim con tặng chim cho mọi người	"22,099"	605	277		
"Bật mí, bí mật ước mơ ấp ủ nuôi cưu mang các con chó của GÀ LANG THANG - tập 466"	"22,059"	820	89		
"Đi tìm tổ chim, phát hiện 3 chú chim huýt cô đang tập bay siêu dễ thương đẹp lung linh"	"21,975"	308	58		
"2 vợ chồng già nghèo miền núi, nuôi 9 chú chó ốm trơ xương - tập 387"	"21,823"	"1,027"	100		
"Hỗ trợ tìm thức ăn cho chim, mùa chim sinh sản"	"21,520"	319	65		
Chú chó may mắn cuối cùng còn sót lại bị bán vô lồ mổ thịt được giải cứu - tập 383	"21,489"	"1,147"	153		
Hãy yêu thương bảo vệ động vật vì chúng là bạn - tập 403	"21,450"	773	68		
Đi tìm tổ chim - hành trình đến vùng đất nhiều tổ chim	"21,303"	455	72		
"Giăng lưới bắt cá - suối cá thiên nhiên, 1 ngày may mắn"	"21,215"	497	113		
Đột nhập vào lồ mổ giải cứu 2 chú chó chuẩn bị làm thịt - tập 389	"21,186"	"1,157"	124		
"Chàng trai trẻ giải cứu 1295 sinh mạng thoát chết, ông trời rơi nước mắt vì cảm động - tập 432"	"21,182"	834	96		
Người phụ nữ 67 tuổi vượt đường xa 200km đến thăm các bé chó - tập 251	"21,130"	945	122		
"Giải cứu 5 chú chó trên đường đưa đi bán vô lò mổ, chuyến đi giông bão - tập 191"	"20,996"	933	212		
"Đi tìm tổ chim - phát hiện cây bằng lăng tím đột biến quý hiếm, và tổ gà rừng hoang dã"	"20,983"	450	210		
"Người phụ nữ mất ăn, mất ngủ vì nhớ thương các bé chó, vượt 200km đến xin lại các bé chó - tập 279"	"20,893"	"1,052"	110		
Lời tâm sự cưu mang các chú chó và món quà cho anh chị em đến từ nước Mỹ - tập 450	"20,658"	888	90		
"Niềm vui nhân đôi, 4 mẹ con bé cụt đã khỏe mạnh, và bé lượm 2 đã khỏi bệnh 80% - tập 291"	"20,633"	"1,156"	203		
Hành trình xây dựng mái ấm cho người đồng bào nghèo miền núi - ngày thứ 3 - tập 196	"20,451"	720	76		
"Đi tìm tổ chim, huýt cô, chèo bẻo, cò núi, và ong rừng"	"20,420"	254	33		
"Trời ơi, 2 chú chó hiền lành dễ thương sắp bị người ta ăn thịt - tập 405"	"20,415"	"1,203"	178		
Các bé chó hoang ở trên rừng đã vui mừng khi về với GÀ LANG THANG - tập 97	"20,261"	"1,051"	242		
Chạy xe máy 300 cây số cứu khẩn cấp 2 chú chó bị bỏ rơi trong ngôi miếu - tập 355	"20,204"	"1,011"	89		
"Bẫy cút rừng - bắt chim cu rừng, nướng sa tế, món ngon ngày mưa gió"	"20,036"	430	126		
"Làm giường cho các chú chó đáng yêu nằm ngủ, tiết kiệm tiền nuôi các bé cún - tập 338"	"19,989"	842	66		
"GÀ LANG THANG nhận số tiền lớn từ mỹ, món quà tết - tập 307"	"19,807"	"1,038"	99		
"Trở lại vườn mủ trôm, trao số tiền từ mỹ cho bác bán mủ trôm - tập 52"	"19,705"	858	257		
"Đi tìm tổ chim - 3 tổ chim đầu mùa, 5 tổ ong ruồi cuối mùa"	"19,305"	451	134		
Bé lượm đã khỏe lại như 1 phép màu - tập 70	"19,262"	964	213		
"Người phụ nữ độc thân, có 2 chú chó là bạn đời, xem 2 chú chó như con ruột của mình - tập 43"	"19,228"	727	84		
"Đi tìm tổ chim - cho chim con ăn sâu, video cuối cùng về chim"	"19,069"	413	79		
Tiếp tục giải cứu thêm 8 bé chó bị bán vô lò mổ thịt - tập 244	"19,054"	"1,072"	163		
"Tin vui, GÀ LANG THANG đã có thể đưa các bé chó hoang trên rừng về nhà rồi - tập 94"	"19,052"	"1,090"	207		
"Khám phá khu nghĩa trang người đồng bào, bí ẩn những cổ vật không một ai dám đánh cắp - tập 159"	"19,041"	537	54		
Giải cứu chú chó đốm đen và kết thúc câu chuyện trộm chó tốt đẹp - tập 333	"18,789"	974	113		
Món quà từ mỹ của bé lượm và gà lang thang - tập 47	"18,742"	"1,001"	181		
GÀ LANG THANG lăn lộn dưới suối bắt cá về nuôi các bé chó - tập 116	"18,658"	710	86		
"Cả nhà Tài bị cách ly, GÀ LANG THANG hỗ trợ thức ăn, phóng sanh 440 con chim cầu bình an - tập 222"	"18,614"	637	92		
GÀ LANG THANG bệnh nặng phải vào Sài Gòn khám chữa bệnh - tập 457	"18,469"	985	106		
Tặng quà cho cụ bà 100 tuổi sống neo đơn một mình - tập 210	"18,410"	577	32		
Hành trình xây dựng mái ấm cho người đồng bào nghèo miền núi - ngày thứ 1 - tập 194	"18,355"	719	69		
"Trở lại thăm các bé chó hoang trong rừng, bữa cơm đạm bạc - tập 86"	"18,199"	843	186		
"Bẫy cút rừng - những pha cút rừng sa bẫy, 3 phút 1 con"	"18,183"	471	113		
Hành trình vượt 150km giải cứu khẩn cấp chú chó đáng thương - tập 35	"18,155"	"1,025"	171		
"Cưu mang 2 chú chó dễ thương bị chủ bỏ rơi, vì dịch bệnh - tập 182"	"18,149"	"1,022"	137		
"Trải nghiệm sinh tồn - lặn biển bắt ốc mặt trăng, vú nàng trên đảo hoang - tập 3"	"18,050"	531	70		
"Thăm mộ bé Lượm, chú chó rừng đáng thương, kí ức ùa về - tập 137"	"17,910"	894	130		
Lời tâm sự của GÀ LANG THANG - tập 92	"17,897"	966	213		
"Bé lượm biết lỗi khi cắn GÀ LANG THANG, bé bi vui mừng vì được đi chơi - tập 51"	"17,864"	"1,037"	198		
"Cò con đi kiếm ăn bị té xuống suối nước, giải cứu cò con, một ngày đi tìm thức ăn nuôi chó - tập 175"	"17,833"	677	58		
"Người phụ nữ bị dị tật đôi chân bẩm sinh, hơn 10 năm đào bới rác nuôi con bệnh tật - tập 444"	"17,756"	658	50		
"4 mẹ con bé cụt quậy quá, GÀ LANG THANG chịu hết nổi - tập 301"	"17,587"	"1,031"	99		
Các bé chó hoang ở rừng đã yêu mến GÀ LANG THANG - tập 87	"17,543"	831	176		
Hôm nay GÀ LANG THANG nhận số tiền lớn từ nước ngoài - tập 156	"17,517"	943	130		
"Tin vui, GÀ LANG THANG đã tìm cách đón bé chồn và bé trúc về nhà thành công - tập 59"	"17,426"	"1,208"	284		
GÀ LANG THANG nhận thùng quà từ mỹ - tập 64	"17,421"	922	177		
"Tin buồn, công trình xây dựng trang trại cho các bé chó tạm thời dừng lại - tập 55"	"17,309"	"1,021"	191		
Đi tìm tổ chim - phát hiện tổ chim cu nhiều màu sắc quý hiếm và tổ ong ruồi phun đầy mật	"17,279"	417	150		
"Tin buồn, chú chó đáng thương có thể bị bệnh care, căn bệnh hiểm nghèo - tập 36"	"17,277"	826	124		
"Sự thật về bác mủ trôm, lợi dụng nuôi chó để kiếm tiền - tập 275"	"17,228"	883	96		
Tặng bác mủ trôm chiếc điện thoại mơ ước và thuần chú chó mẹ trong rừng - tập 90	"17,205"	905	128		
"GÀ LANG THANG đi mua xe, và ăn mừng xe mới, chiếc xe mơ ước - tập 193"	"17,089"	792	58		
"Mua con cá to nướng cho các bé chó hoang trong rừng, bữa cơm ngon nhất - tập 88"	"17,057"	943	193		
Giấc mơ tâm linh về chú chó nâu và chú chó khổ qua - tập 390	"17,011"	"1,221"	193		
"Anh Tín nhận số tiền lớn từ mỹ, ước mơ chinh phục chiếc xe máy - tập 180"	"16,938"	934	71		
"Vết thương bé lượm không lành, bé lượm có nguy cơ mắc bệnh tiểu đường - tập 57"	"16,757"	810	282		
"Ông cụ, bà cụ 92 tuổi bị con cái bỏ bơ vơ, nhận món quà yêu thương từ các mạnh thường quân - tập 154"	"16,727"	671	52		
"Món quà từ mỹ, hãy yêu thương động vật, vì chúng là bạn - tập 335"	"16,690"	801	95		
GÀ LANG THANG đi rừng bắt ong và tâm sự chuyện quá khứ - tập 110	"16,547"	692	60		
Mùng 1 tết - ở nhà nuôi chim tặng cho mọi người	"16,461"	525	180		
Một ngày của GÀ LANG THANG ở nhà chơi với chó - tập 152	"16,420"	712	101		
"Đi tìm tổ chim - 1 tổ cu gáy, 2 tổ ong ruồi đầy mật, 1 ngày may mắn"	"16,369"	333	83		
Chú chó biết lắng nghe tiếng người và biết nói chuyện - tập 208	"16,257"	847	77		
Đi tìm tổ chim - phát hiện tổ chim chào mào đít vàng và chia sẻ kinh nghiệm đi tìm tổ ong rừng	"16,228"	336	102		
"Mình đã thuần được bé bi, bé bi sẽ khỏe lại vui đùa như bao chú chó khác - tập 47"	"16,180"	880	155		
GÀ LANG THANG đi suối bắt cá nấu cơm cho các bé chó ăn - tập 114	"16,071"	794	98		
"GÀ LANG THANG trở thành tỉ phú, nhờ cưu mang những chú chó bị bỏ rơi - tập 230"	"16,008"	926	119		
"Lại có tin vui, bé beo GÀ LANG THANG cứu từ lò mổ đã hạ sinh 4 bé bò sữa dễ thương - tập 271"	"15,888"	785	81		
"Tin vui, cuối cùng bé khỉ đã về với mái ấm gà lang thang - tập 41"	"15,842"	997	138		
"Chó mẹ bị mất tích, bỏ lại 4 đứa con mồ côi đáng thương - tập 231"	"15,815"	829	121		
"Thăm lại bé khỉ, bé khỉ bị chủ bỏ đói, bé cam bệnh nặng - tập 37"	"15,715"	834	169		
Trải nghiệm sinh tồn - bắt cá trầu suối thiên nhiên - tập 4	"15,683"	486	115		
Kỉ Niệm 2020 - một góc quê hương - Ninh Thuận	"15,662"	128	76		
"3 chú chó bị bán vô lồ mổ nhưng chỉ cứu được 1 con, cận kề cái chết - tập 393"	"15,642"	896	140		
"Đi tìm tổ chim, phát hiện tổ chim độc lạ có 102"	"15,501"	194	70		
Cưu mang chú chó dễ thương và nhận món quà mơ ước từ mỹ - tập 34	"15,494"	931	151		
Rượt đuổi người bán buôn chạy hàng chục cây số để giải cứu 785 sinh mạng - tập 365	"15,489"	832	122		
GÀ LANG THANG giải cứu 3 chú chó đáng thương chuẩn bị bán vô lò mổ kịp thời - tập 188	"15,489"	910	162		
Trải nghiệm núi và biển - được ngư dân tặng con cua kì lạ và chế biến ly nước uống đặc biệt	"15,393"	394	51		
Bé cụt và các con đã khôn lớn và biết yêu thương GÀ LANG THANG - tập 305	"15,316"	882	106		
"Bé cụt có đôi mắt u buồn giống bé lượm, không bao giờ cười - tập 295"	"15,236"	933	137		
"Chó mẹ sinh con ra bỏ rơi không nuôi con, để bé chó con nhịn đói - tập 225"	"15,231"	711	158		
GÀ LANG THANG thả những chú chim vô tội về với thiên nhiên - tập 99	"14,867"	736	100		
"Đi tìm tổ chim, tổ chim sơn ca, tổ ong rừng, trên đỉnh núi truyền thuyết 4000 tấn vàng ở bình thuận"	"14,790"	210	34		
"Làm chỗ ở mới cho 5 mẹ con bé chó CUA có cuộc sống ấm no, hạnh phúc - tập 143"	"14,785"	795	126		
Chàng trai dùng hết tiền để dành lấy vợ xây dựng trang trại cưu mang chó lớn nhất Việt Nam - tập 319	"14,685"	946	144		
GÀ LANG THANG nhận số tiền lớn từ CANADA - tập 65	"14,630"	879	124		
"Xả lũ khẩn cấp, mưa gió nước ngập tràn vào nhà các bé chó đáng thương - tập 239"	"14,573"	758	99		
Một ngày dắt bé sữa lang thang trên rừng bắt tổ ong kiếm tiền - tập 52	"14,573"	831	263		
Câu chuyện buồn về các bé chó GÀ LANG THANG cứu về từ lò mổ - tập 261	"14,564"	871	181		
Hôm nay GÀ LANG THANG đi rừng bắt ong và thả các bé chó rong chơi - tập 108	"14,534"	701	81		
"Đi tìm tổ chim - 2 tổ cu gáy, và cái kết đi bẫy sóc"	"14,482"	338	110		
Lý do GÀ LANG THANG cho bé mặt sắt xa khỏi mẹ - tập 127	"14,359"	735	148		
"Xúc động, người phụ nữ nhặt ve chai kiếm tiền nuôi các bé chó bị bỏ rơi - tập 315"	"14,288"	747	84		
"Đi suối đá bắt tôm càng, và bắt cá về làm thức ăn cho các bé chó - tập 136"	"14,254"	632	64		
"Giải cứu khẩn cấp, 5 bé chó con mới sinh ra 1 tuần tuổi đã mất mẹ - tập 238"	"14,192"	834	160		
Người đứng sau chăm sóc cho các bé chó của GÀ LANG THANG là ai - tập 102	"14,160"	799	147		
"Trở lại nơi cưu mang bé sữa, tìm chú chó đáng thương bị chủ bỏ đói - tập 33"	"14,141"	709	147		
Đi tìm tổ chim - mùa chim chích chòe đất sinh sản - tập 353	"14,106"	417	39		
Dắt chú chó na đi thám hiểm vùng đất hoang sơ ít con người đặt chân đến - tập 371	"14,087"	730	120		
"4 mẹ con bé cụt giờ đã mập mạp, các bé cún con biết quậy phá rồi - tập 297"	"14,050"	946	141		
Tặng chiếc xe đạp mơ ước cho cô bé người đồng bào nghèo miền núi - tập 202	"14,013"	698	46		
"Chú chó bị người chủ xiềng xích ngược đãi, hôm nay bỗng nhiên hóa thành công chúa - tập 348"	"13,992"	772	180		
"Người phụ nữ mang căn bệnh lạ, chỉ nặng 12 kí lô - tập 165"	"13,918"	414	37		
"Hai mẹ con mang căn bệnh kì lạ, sống ẩn cư trên núi - tập 196"	"13,915"	417	34		
"Trở lại thăm 2 bé chó nhỏ đáng thương và mua cơm hộp cho 2 bé, bữa cơm ngon nhất - tập 56"	"13,832"	787	167		
"Tin buồn, lần cuối cùng nhìn bé chó lang đáng thương - tập 83"	"13,749"	672	196		
"GÀ LANG THANG và ANH TÍN, lăn lộn dưới suối bắt cá về nuôi các bé chó, bị cua kẹp te tua - tập 150"	"13,727"	712	100		
"Nguy cơ 4 mẹ con bé chó của bác mủ trôm sẽ c.h.ế.t vì đói, hôm nay nhìn các bé rất yếu - tập 287"	"13,709"	833	322		
Đi tìm tổ chim - tặng 3 chú chim cu rừng cho mọi người	"13,692"	581	341		
GÀ LANG THANG tìm thuốc chữa bệnh cho bé lượm - tập 71	"13,686"	849	178		
Đôi lời tâm sự của GÀ LANG THANG - tập 105	"13,679"	865	137		
GÀ LANG THANG bỏ tiền triệu để mua đồ chăm sóc đặc biệt cho bé lượm - tập 79	"13,665"	761	101		
Làm ngôi nhà cho các bé chó hoang trong rừng - tập 91	"13,634"	749	139		
"GÀ LANG THANG và ANH TÍN đi bắt cá về nuôi các bé chó, may mắn trúng mẻ cá lớn - tập 153"	"13,626"	683	72		
"Bắt tắc kè, thằn lằn đá, cá suối, tổ chim, ếch rừng"	"13,623"	167	26		
GÀ LANG THANG nhận được quà cứu trợ từ mỹ trong mùa dịch - tập 112	"13,481"	676	67		
"Bé bầu, chú chó cứu từ lò mổ, đã hạ sinh 8 cục cưng siêu dễ thương - tập 257"	"13,466"	"1,135"	154		
Thả bé bi ra ngoài rong chơi vui vẻ với những bé cún khác - tập 49	"13,424"	915	120		
Chào mừng bé chồn đã trở về với GÀ LANG THANG - tập 172	"13,356"	765	103		
Công trình xây công viên cho các bé chó của GÀ LANG THANG bắt đầu - tập 125	"13,324"	621	129		
14 chú chó GÀ LANG THANG cứu về từ lò mổ giờ ra sao - tập 268	"13,294"	799	125		
"Trở lại rừng, thăm bác mủ trôm và đón chú chó đáng thương sống trong rừng một mình - tập 267"	"13,257"	818	107		
"Bắt cá đồng mùa lúa chín - cá rô mề, cá lóc và bắt được con cá trê khổng lồ"	"13,099"	402	82		
"GÀ LANG THANG đi chích ngừa bệnh dại, mua món quà đặc biệt cho bé lượm - tập 52"	"12,965"	830	139		
Bức xúc vì người đàn ông lợi dụng buôn bán chó - tập 326	"12,955"	810	142		
"Một ngày đi bắt ong rừng, bội thu, mật ong đầy tổ - tập 280"	"12,917"	730	64		
"Vào rừng hái mãng cầu rừng, trái cây rừng chín rộ ngập tràn - tập 183"	"12,877"	631	62		
"Bắt cá mùa lúa chín - cá rô đồng chiên giòn, bữa cơm ngày mưa gió"	"12,803"	410	90		
"Lời giải đáp thắc mắc của anh buôn chim, bán chim phóng sanh và bán chim ăn thịt - tập 388"	"12,735"	516	54		
Hôm nay GÀ LANG THANG và ANH TÍN nhận món quà yêu thương - tập 144	"12,711"	856	122		
GÀ LANG THANG tâm sự cùng cả nhà - tập 205	"12,710"	872	87		
Phát tiền cho người khó khăn trong mùa dịch - tập 122	"12,644"	456	35		
"Đi tìm tổ chim, hỗ trợ 1000 con sâu gạo cho chim mẹ nuôi con, mùa chim sinh sản"	"12,420"	205	25		
"Tin khẩn cấp, trang trại chó bị ngập tràn trong biển nước - tập 237"	"12,399"	902	110		
Bắt cá đồng - một ngày lang thang trên đồng ruộng	"12,295"	399	72		
"Đi tìm tổ chim, chích chòe đất"	"12,253"	151	11		
"Gia đình hai mẹ con mang căn bệnh lạ, nhận số tiền từ mỹ - tập 221"	"12,249"	540	30		
"Xây dựng mái ấm yêu thương cho những bé chó bị bỏ rơi, bệnh tật - tập 38"	"12,071"	805	152		
Trao số tiền từ các mạnh thường quân cho bác bán mủ trôm - tập 60	"12,041"	839	164		
"GÀ LANG THANG tạm dừng cưu mang những bé chó, hành trình kế hoạch mới - tập 247"	"12,036"	804	71		
"Chào đón thành viên mới, bé vàng sinh em bé - tập 130"	"12,036"	695	112		
GÀ LANG THANG làm bác sĩ thú y chữa bệnh cho tất cả các bé chó đáng thương - tập 194	"11,935"	552	73		
Vượt ngày đêm 700km chào đón thành viên mới - tập 32	"11,932"	731	182		
Khám phá thác nước bí ẩn trong rừng sâu đẹp như một bức tranh - tập 169	"11,923"	555	66		
Đi tìm tổ chim - nhặt được tiền trên rừng núi	"11,916"	339	74		
"Hành trình chữa bệnh cho chú chó bí ẩn, hiện thân của bé lượm, chú chó rừng đáng thương - tập 283"	"11,897"	727	93		
"Đầu xuân năm mới, thả 1091 chú chim vô tội bị bắt về với rừng thiên nhiên - tập 313"	"11,858"	778	157		
"Gia đình 5 người con nghèo khổ, cơm không có ăn, quần áo không có mặc - tập 95"	"11,830"	535	57		
Săn bắt ong rừng - tổ ong khổng lồ	"11,748"	338	82		
"Dẫn dắt bé bem đi rừng tìm tổ ong lấy mật, chuyến đi vất vả của bé bem - tập 299"	"11,705"	816	113		
"Các bé được cứu về từ lò mổ, giờ đã vui mừng và thân thiện trở lại - tập 246"	"11,659"	781	92		
"GÀ LANG THANG gặp biến cố, bị giang hồ chửi te tua vì đi cưu mang những chú chó - tập 176"	"11,635"	844	361		
"Bé lượm mập ú nu, và các bé cún dễ thương - tập 73"	"11,610"	682	115		
"Bé gấu đã từng cắn GÀ LANG THANG xém gãy ngón tay, giờ bé gấu ra sao - tập 321"	"11,587"	738	87		
Công trình xây dựng trang trại đã hoàn thành 50% các bé chuẩn bị có nhà mới - tập 46	"11,534"	767	171		
"Con gái bé cua bệnh, và bé mặt sắt bệnh, do thời tiết thay đổi - tập 155"	"11,494"	546	75		
Hành trình giải cứu chú chó thứ 3 chuẩn bị bán vô lò mổ - tập 189	"11,493"	729	106		
Giây phút hồi hộp bé chó sữa đại chiến với chú cua hung dữ - tập 106	"11,317"	646	82		
Bắt cá đồng mùa lúa chín - trở về tuổi thơ năm 1900 hồi đó	"11,254"	292	73		
GÀ LANG THANG bị 2 chú chó siêu quậy tấn công dữ dội - tập 228	"11,109"	664	65		
Lần đầu tiên các bé cún ăn đồ ăn của mỹ sẽ như thế nào? - tập 48	"11,047"	802	176		
"Hái mãng cầu rừng - ăn trái chín trên cây, bắt tổ ong ruồi đẹp nhất, đầy tràn mật ong"	"11,043"	366	39		
Săn bắt cá - đầu năm mới bắt được con cá kì lạ	"11,014"	336	111		
Hôm nay cho bé chồn và bé mực đi dạo chơi - tập 77	"10,996"	601	83		
GÀ LANG THANG đánh các bé chó te tua - tập 111	"10,992"	620	92		
"Bắt ốc biển, ốc mặt trăng, và khám phá các loại sinh vật biển"	"10,964"	165	53		
Công trình xây dựng trang trại cho các bé chó đã hoàn thành được 70% rồi - tập 54	"10,950"	769	106		
Trao tiền nước ngoài cho cô giáo cô đơn sống cùng 2 bé chó dễ thương - tập 63	"10,934"	723	75		
"Chú chó có 5 cái chân kì lạ, GÀ LANG THANG cứu các bé thoát khỏi những tay buôn bán chó - tập 192"	"10,896"	636	83		
"Tin rất vui, bé chó nhỏ đã được cứu rồi, chuẩn bị cứu thêm 19 bé chó bán vô lò mổ - tập 242"	"10,890"	695	129		
Lời tâm sự của GÀ LANG THANG về việc làm thiện nguyện - tập 149	"10,872"	631	109		
"Món quà đặc biệt gửi tặng đến cô chú, anh chị yêu thương bé lượm - tập 266"	"10,837"	847	158		
"Giải cứu bé chó tôm, và 2 bé cún con thoát khỏi cảnh đói khát - tập 310"	"10,715"	821	115		
GÀ LANG THANG làm thêm 20 ngôi nhà nhỏ cho các bé chó ở - tập 304	"10,688"	646	70		
"2 con khỉ bị thợ săn bẫy què chân, cụt tay, nhìn rớt nước mắt - tập 367"	"10,682"	609	87		
"Đi tìm tổ chim - 3 tổ chim cu, 1 chim dã ca, 1 tổ ong ruồi"	"10,671"	266	62		
Vượt 800km đưa 2 chú chó bị chủ bỏ rơi về với GÀ LANG THANG - tập 256	"10,633"	740	108		
GÀ LANG THANG chuẩn bị đưa bé lượm đi khám bệnh lần 2 - tập 72	"10,609"	742	150		
Đi tìm tổ chim - bất ngờ gặp youtuber Huỳnh Kha TV	"10,566"	385	76		
"Làm giường, xây công viên chó các bé chó, và chào đón thành viên mới - tập 200"	"10,553"	623	70		
"Khai trương công viên chó, một ngày các bé chó được tự do vui chơi thỏa thích - tập 168"	"10,547"	621	113		
Sau một thời gian gặp lại các bé chó của GÀ LANG THANG sẽ ra sao - tập 223	"10,438"	570	68		
"Bắt tôm tít, cua đá, hải sâm, ốc mặt trăng, chình biển, và các loại sinh vật biển - phần 3"	"10,388"	206	14		
Ăn mừng 50.000 người đăng ký và những lời tâm sự của GÀ LANG THANG - tập 141	"10,378"	850	112		
"Chú chó mi sinh em bé, thật buồn vì mẹ không biết nuôi con - tập 224"	"10,375"	543	95		
"Cứu thêm một sinh mạng chuẩn bị bán vô lò mổ, chú chó trắng đáng thương - tập 214"	"10,375"	716	89		
"Hãy yêu thương động vật bằng cả trái tim, cứu vật, vật trả ơn - tập 341"	"10,336"	619	81		
Kế hoạch đi từ thiện và xấp xếp chỗ ở mới cho các bé chó - tập 206	"10,336"	660	73		
"Vui đùa cùng các bé cún, bé gấu hung dữ quá, làm GÀ LANG THANG khiếp sợ - tập 309"	"10,286"	770	117		
"Một ngày buồn, bé nai đã ra đi mãi mãi, trở về thiên đàng - tập 263"	"10,285"	664	157		
Thám hiểm trong rừng sâu nơi hoang vắng ít con người đặt chân đến - tập 372	"10,268"	667	114		
Hôm nay GÀ LANG THANG nhận 2 món quà mơ ước từ mỹ - tập 253	"10,222"	712	109		
"Rớt nước mắt, hàng triệu con chim bị săn bắt, giết mổ ăn thịt mỗi ngày - tập 351"	"10,121"	391	69		
Đưa bé sen đi chữa bệnh và phóng sanh 400 con chim vô tội - tập 339	"10,105"	653	89		
Trái cây rừng - hái quả mãng cầu rừng bán tiền triệu mỗi ngày	"10,071"	395	114		
Giây phút gay cấn giải cứu sóc rừng bị dính bẫy của những tay thợ săn động vật hoang dã - tập 342	"10,058"	623	124		
Món quà mơ ước của GÀ LANG THANG đã thành sự thật - tập 75	"10,053"	604	66		
Chú chó nhỏ đáng thương bị chủ vứt bỏ chỉ vì bệnh tật xấu xí - tập 82	"10,032"	588	118		
"Chăm sóc cho chim, rùa, thỏ, gà rừng, thú cưng nuôi cảnh của gà lang thang"	"10,003"	256	30		
"Chào đón thành viên mới, bé chó đáng thương bị bỏ rơi vì bệnh tật - tập 58"	"9,988"	735	136		
"Cả đàn chó của GÀ LANG THANG khỏe mạnh, vui vẻ hạnh phúc - tập 64"	"9,968"	629	100		
"The suspenseful moment of saving 1344 innocent lives, making scary food - episode 414"	"9,903"	539	88		
Lời tâm sự của GÀ LANG THANG - tập 74	"9,843"	689	131		
"Tin vui, bé bi đã có mẹ nuôi và bé chồn đã xẹp cái bụng bự - tập 62"	"9,815"	719	110		
"Dự án xây dựng nơi cưu mang các bé cún con, và lời cầu cứu của các bé cún bị bỏ rơi - tập 295"	"9,722"	687	70		
"Ngày thứ 2 bé su về với GÀ LANG THANG, đặt tên cho bé nhỏ - tập 185"	"9,701"	599	103		
"Nửa đêm các bé cún con quậy phá, đập nhà không cho GÀ LANG THANG ngủ - tập 142"	"9,676"	751	109		
"Rớt nước mắt, những chú chim vô tội bị bắt nhốt để làm thức ăn - tập 346"	"9,591"	509	88		
"Đi tìm thức ăn cho các bé chó, tiết kiệm tiền để xây dựng công viên - tập 254"	"9,582"	610	56		
Một ngày trời mưa gió của GÀ LANG THANG và các bé chó - tập 66	"9,518"	678	96		
"Đi tìm tổ chim, tổ ong ruồi, và nhiều điều mới lạ nơi hoang dã"	"9,493"	228	171		
Hành trình giải cứu khẩn cấp 23 bé chó bị bán vô lò mổ thịt - tập 243	"9,456"	638	115		
"7 ngày trở về nhà gặp lại các bé chó, vui như ngày tết - tập 167"	"9,453"	554	66		
GÀ LANG THANG mất kiểm soát khi thả các bé chó ra ngoài sân cỏ chơi - tập 115	"9,428"	639	63		
Thả những chú chim bồ câu đáng thương về với thiên nhiên núi rừng - tập 187	"9,410"	533	92		
"Người yêu không có, nhưng chó nhất định phải có một con - tập 325"	"9,398"	668	68		
"Thống kê quỹ từ thiện, và khởi công xây dựng công viên chó rộng lớn - tập 197"	"9,332"	609	82		
Hôm nay cô Vân lặn lội đường xa 200km đến tặng quà cho các bé chó - tập 259	"9,306"	618	91		
Đã tìm ra thuốc điều trị bệnh parvo nguy hiểm cho các chú chó - tập 344	"9,281"	616	80		
Bệnh parvo và bệnh care là 2 căn bệnh cướp đi biết bao nhiêu sinh mạng các chú chó - tập 366	"9,246"	553	75		
GÀ LANG THANG nhận thùng quà đồ chơi từ nước ngoài cho các bé chó - tập 293	"9,202"	702	121		
"Món quà từ nước ngoài, và câu chuyện về bé sữa và bé mặt sắt - tập 302"	"9,189"	730	119		
Chạy xe 800 cây số để cưu mang chú chó bị chủ đánh gãy chân - tập 308	"9,164"	751	133		
"GÀ LANG THANG chơi lớn lấy hết tiền để dành cưới vợ, xây dựng trang trại nuôi chó - tập 181"	"9,149"	598	84		
Ngôi nhà mới rộng lớn cho các bé chó đáng yêu của GÀ LANG THANG - tập 229	"9,128"	673	116		
"Con bé vàng đã mở mắt, các bé lớn nhanh như thổi - tập 148"	"9,097"	609	108		
"Công viên chó đã hoàn thành, GÀ LANG THANG gặp bế tắc - tập 226"	"9,084"	631	91		
"Lặn biển, bắt ốc mặt trăng, ốc trinh nữ, và khám phá nhiều loại sinh vật biển"	"9,048"	109	43		
"Giải cứu hàng trăm con cá bị mắc cạn ở suối đá, câu cá - tập 184"	"8,988"	503	59		
"Xây mộ và làm tượng cho bé lượm, để tưởng nhớ đến chú chó rừng đáng thương - tập 248"	"8,985"	673	120		
Khám phá suối đá đẹp lung linh nhưng không một ai dám đến du lịch - tập 177	"8,979"	476	76		
"Tin khẩn cấp, cả nhà xem hết video để hiểu nhé cả nhà - tập 264"	"8,975"	678	103		
"GÀ LANG THANG tắm cho các bé cún, các bé rất thích thú khi được tắm sạch sẽ - tập 109"	"8,958"	628	93		
"Trải nghiệm - lặn biển, bắt cá ốc hải sản, ngắm bãi biển đẹp nhất - tập 133"	"8,934"	465	59		
"Triệt sản cho các bé chó, nhìn đứa nào cũng đáng thương - tập 357"	"8,780"	489	48		
"Bé chồn đã quen nơi ở mới, công khai quỹ từ thiện - tập 174"	"8,724"	595	104		
GÀ LANG THANG xin gửi lời cảm ơn đến tất cả cô chú anh chị và các bạn - tập 215	"8,661"	707	78		
"Trải nghiệm cắm trại giữa rừng biển hoang dã, chuyến đi kỉ niệm"	"8,620"	355	64		
"Khám phá núi rừng - ăn trái cây rừng, và phát hiện tổ chim cu gáy"	"8,609"	329	167		
Lên rừng lấy mật ong về bán kiếm tiền cưu mang những chú chó đáng thương - tập 278	"8,597"	529	40		
"Cuộc sống bình yên, trải nghiệm tắm suối thác thiên nhiên đẹp lung linh - tập 395"	"8,587"	703	94		
GÀ LANG THANG mua cây giống về trồng hết trang trại nuôi chó - tập 178	"8,550"	563	96		
Giải cứu những chú chim đáng thương bị nhốt trong lồng - tập 179	"8,426"	528	79		
Bắt hải sản - con tôm tít khổng lồ	"8,426"	295	44		
Đi xin hai chú chim siêu dễ thương và cụ rùa vàng đáng yêu	"8,348"	300	49		
Hôm nay GÀ LANG THANG bệnh rồi cô chú anh chị ơi - tập 298	"8,295"	663	94		
"Dọn dẹp sạch sẽ khu công viên cho các bé chó, vườn rau của mẹ đã lớn - tập 145"	"8,295"	559	117		
"Các bé càng ngày càng đông, nơi hội tụ các chú chó có hoàn cảnh đáng thương - tập 252"	"8,282"	530	89		
"Đi tìm tổ chim - 1 tổ chim lạ, 1 tổ chim cu, 1 tổ quành quạch, 1 tổ chào mào, 1 tổ ong ruồi"	"8,254"	239	97		
"Bắt sứa biển, đẹp nhưng độc"	"8,185"	69	22		
"Thống kê quỹ thiện nguyện, và dự án xây dựng trại cứu chó thứ 2 - tập 166"	"8,162"	536	71		
"Đưa bé sữa đi biển, lần đầu tiên bé sữa nhìn thấy biển - tập 40"	"8,143"	654	131		
Đi rừng bắt ong - một ngày lang thang trên rừng núi	"8,088"	213	25		
Giăng lưới bắt cá - nướng ăn tại chỗ	"8,066"	297	97		
Trải nghiệm sinh tồn - bắt cá bình tích trên suối làm ẩm thực kiểu độc lạ - tập 5	"8,059"	280	45		
Giải cứu khẩn cấp chú chó bị giun đũa dài cả mét ăn mòn cho đến c.h.ế.t - tập 288	"8,031"	685	119		
Người phụ nữ cưu mang nhiều chó mèo bị bỏ rơi bệnh tật - tập 42	"8,015"	491	41		
Bé hột mít - tập 124	"7,968"	589	214		
Câu cá rô đồng - trở về tuổi thơ năm 1900 hồi đó	"7,868"	222	49		
Đi tìm tổ ong rừng - tập 3	"7,848"	152	56		
Đi tìm tổ chim - tổ chim chích chòe đất và tổ chim cu gáy	"7,797"	232	91		
"Bé hột mít bệnh, xin cả nhà hãy giúp đỡ GÀ LANG THANG cứu bé hột mít - tập 123"	"7,796"	521	358		
"Tặng chó, làm nhà mới cho chim yến phụng, bán mật ong ruồi nguyên chất 100%"	"7,762"	263	45		
Đi rừng trải nghiệm gopro hero 7 - ăn trái cây rừng và phát hiện tổ chim cu hết mùa	"7,662"	308	57		
"Ngày thứ 2 bé vàng sinh con, mẹ tròn con vuông - tập 132"	"7,632"	472	43		
"Tặng quà cho 2 bé heo dễ thương, và chia sẻ thuốc trị bệnh parvo cho chó - tập 354"	"7,619"	448	37		
"Trao quà từ mỹ cho gia đình nghèo, và câu chuyện buồn - tập 219"	"7,608"	420	29		
Trở lại ngôi nhà đổ nát giúp đỡ người đàn ông lang thang - tập 119	"7,588"	424	28		
Hành trình dầm mưa hơn 100 cây số để đưa chú chó đáng yêu về nhà - tập 171	"7,568"	625	205		
"Cứu 1 chú chó cũng như cứu 1 mạng người, khát vọng được sống - tập 277"	"7,507"	582	77		
Lần đầu gặp các bé chó hoang ở rừng cho đến khi đưa các bé về nhà - tập 100	"7,461"	451	34		
"Giải cứu 217 sinh mạng, thả về với thiên nhiên hoang dã - tập 216"	"7,444"	471	50		
Trải nghiệm sinh tồn - đi rừng tìm thức ăn bắt ong rừng ăn tại chỗ	"7,395"	267	21		
"Dịch bệnh ở nhà chăm sóc các bé chó, bữa cơm gia đình - tập 53"	"7,390"	514	83		
Một ngày lang thang trên núi lấy mật ong rừng ăn tại chỗ	"7,389"	247	25		
Gà Lang Thang - chơi lớn mời siêu đầu bếp về làm ẩm thực trên núi và cái kết	"7,382"	264	27		
Đi tìm tổ chim - chủ nhân mới của chú chim sáo	"7,314"	233	123		
Kế hoạch xây dựng công viên chó cho các bé cún của GÀ LANG THANG - tập 107	"7,301"	509	88		
"Đi tìm tổ chim, mùa chim sinh sản"	"7,062"	132	50		
"Bé hột mít và bé kem, bé mặt sắt bệnh - tập 117"	"7,057"	529	63		
"Tin rất vui, đã tìm ra liều thuốc thần dược để chữa bệnh cho các chú chó - tập 352"	"7,054"	532	53		
"Làm nhà, giường mới cho các bé cún mới về, và tình hình sức khỏe các bé chó - tập 236"	"7,016"	536	79		
Trở lại vườn mủ trôm thăm bác bán mủ trôm và trao số tiền từ mỹ - tập 78	"6,974"	472	52		
"Giăng lưới bắt cá - phá kỷ luật 100 con, hấp dẫn từng giây phút"	"6,935"	248	66		
GÀ LANG THANG đi bắt ong lấy mật bán kiếm tiền chăm lo cho các bé chó - tập 272	"6,877"	514	47		
"Bắt ong ruồi - ong rừng, 2 tổ to khủng"	"6,855"	315	131		
GÀ LANG THANG vui mừng vì các bé khỏe mạnh - tập 129	"6,852"	487	52		
Đi tìm tổ chim - tặng chim	"6,817"	227	161		
"Cận cảnh, triệt phá bẫy sóc rừng của những tay thợ săn động vật hoang dã - tập 345"	"6,713"	385	87		
"Những chú chim đáng thương bị săn bắt tận diệt bán thịt vô lò mổ, nguy cơ tiệt chủng - tập 292"	"6,576"	344	61		
"Hôm nay GÀ LANG THANG phóng sanh 498 con chim, đúng hay sai - tập 227"	"6,564"	355	59		
"Sinh tồn trên đảo hoang, troll giấu xe thằng anh trai dưới biển và cái kết.."	"6,544"	204	126		
"Câu cá giải trí, giật cá sướng tay dưới lỗ nước bỏ hoang thiên nhiên"	"6,478"	62	13		
"Duyên phận, giải cứu 217 chú chim đáng thương bị nhốt cận kề sinh tử - tập 218"	"6,338"	424	53		
"Bắt tôm tít, cua đá, hải sâm, ốc mặt trăng, chình biển, và các loại sinh vật biển - phần 2"	"6,296"	141	12		
Săn bắt ong rừng - một ngày lang thang trên núi	"6,200"	232	53		
Thống kê quỹ từ thiện và xây dựng công viên chó đã hoàn thành 90% - tập 217	"6,109"	524	46		
Buổi sáng tâm sự cùng cả nhà thân yêu - tập 240	"6,090"	495	69		
Trải nghiệm sinh tồn - lặn biển bắt ốc mặt trăng nấu cháo ốc trên đảo hoang - tập 2	"6,078"	254	66		
Hái táo rừng - nếu ai ăn được trái này sẽ trở thành thánh ăn chua	"6,059"	213	27		
Săn bắt ong rừng - phát hiện tổ chim cu cuối mùa và tặng hạt giống cho anh chị em	"5,991"	238	87		
Tại sao GÀ LANG THANG không cho bé sữa ăn cá - tập 135	"5,936"	455	66		
"Muối ninh thuận, một trong những ruộng muối đẹp nhất việt nam"	"5,873"	89	14		
Sinh nhật là gì? từ ngày sinh ra đời chưa cảm nhận được ngày sinh nhật sẽ như thế nào - tập 360	"5,851"	465	72		
Lời tâm sự của GÀ LANG THANG chia sẻ công việc cùng cả nhà - tập 368	"5,736"	474	38		
Đi tìm tổ ong rừng - tập 1	"5,639"	69	26		
Săn bắt ong rừng - ong ruồi cuối mùa	"5,585"	183	68		
Kế hoạch mới cưu mang chăm sóc các chú chó bất hạnh - tập 364	"5,552"	408	46		
"Lặn biển - bắt hải sản, ốc trinh nữ, ốc mặt trăng, cua đá, và nhiều loại hải sản khác"	"5,504"	118	44		
Chuyền nước và cho bé lượm uống sữa để bé mau khỏe lại - tập 69	"5,493"	585	213		
Video ý nghĩa - hãy giúp đỡ khi bạn có thể	"5,444"	213	33		
"Mỗi ngày 1 niềm vui, khi nhìn thấy các bé chó khỏe mạnh, vui vẻ - tập 273"	"5,415"	438	51		
GÀ LANG THANG bắt đầu làm món quà noel cho các bé chó đáng yêu - tập 260	"5,412"	500	64		
"Trải nghiệm núi rừng - leo núi đá đẹp nhất nhì việt nam, chuyến đi đầy thú vị"	"5,372"	199	44		
Giúp đỡ ông bà cụ đã từng giúp đỡ gia đình GÀ LANG THANG - tập 203	"5,360"	404	21		
"Giải cứu loài chim, phóng sanh tất cả các chú chim bị bắt nhốt bán thịt - tập 300"	"5,294"	287	45		
"Hạnh phúc là khi được nhìn thấy các bé chó khỏe mạnh, vui chơi cùng bạn bè - tập 249"	"5,263"	525	79		
Chạy khắp nơi làm việc kiếm tiền nuôi dưỡng cưu mang các chú chó - tập 370	"5,179"	460	45		
Thử bỏ sâu gạo vào tổ chim con xem phản ứng chim mẹ như thế nào ?	"5,167"	80	9		
"Làm ngôi nhà mới cho các bé chó, và làm sân vườn vui chơi cho các bé yêu - tập 281"	"5,161"	501	47		
Đi tìm tổ chim - tặng con chim sáo cuối cùng	"5,132"	198	63		
"Đưa bé nai đi chữa bệnh, bé nai bệnh rồi cả nhà ơi - tập 255"	"5,118"	454	95		
Dẫn em gái xinh đẹp đi chơi siêu thị WINCOM	"5,032"	142	18		
Bắt cá mùa mưa và ăn mộng dừa tuổi thơ	"5,015"	189	12		
"Bắt cá mùa nắng hạn - kiếm tiền triệu mỗi ngày, cá nhiều như cá nuôi"	"4,873"	173	49		
"Sức khỏe bé nai ổn định hơn một chút, nhìn bé nai nhớ về bé lượm - tập 258"	"4,825"	477	104		
"Săn bắt đêm, chình, ốc, cua, và nhiều loại sinh vật biển - tập 1"	"4,796"	120	23		
"Săn bắt đêm - bắt ba khía và cá rô phi dưới biển, tay không bắt cá"	"4,634"	197	41		
Câu cá giải trí - một ngày lang thang câu cá rô phi suối	"4,542"	160	25		
"Lặn biển bắt cua, ốc, bắn cá, và khám phá nhiều loại sinh vật biển"	"4,486"	82	17		
Du lịch bụi - đường hầm đất sét - đà lạt	"4,404"	119	24		
Khám phá núi rừng - tìm trái cây rừng ăn và phát hiện con rùa vàng	"4,359"	198	37		
"Hái rong nho biển, ăn rong nho, món ăn thần dược rất ít người biết đến"	"4,280"	153	16		
"Một buổi tối cùng với các bé chó, và dự án tặng quà giáng sinh cho các bé - tập 250"	"4,274"	443	60		
Giăng lưới bắt cá - dưới suối thiên nhiên	"4,235"	78	32		
"Lặn biển, bắt ốc trinh nữ, gặp cá mú khổng lồ trong hang đá"	"4,099"	96	23		
Câu cá giải trí - bãi câu cá rô phi huyền thoại	"4,003"	147	37		
Một ngày vẽ tranh trang trí ngôi nhà cho các bé chó đáng yêu - tập 262	"3,999"	433	65		
Giăng lưới bắt cá - giăng một mẻ lưới rinh không nổi	"3,869"	145	10		
"Ăn mừng 60.000 người đăng ký, bữa ăn nho nhỏ ngày giáng sinh - tập 276"	"3,861"	461	70		
"Rong nho biển, thần dược biển cả, rất ít người biết đến cây này"	"3,766"	86	24		
"Thả những chú chim đáng thương bị nhốt trong lồng, bán vô lò mổ thịt - tập 231"	"3,571"	295	38		
Câu chuyện rơi nước mắt của ÔNG CỤ 91 tuổi và BÀ CỤ 86 tuổi - tập 126	"3,252"	305	39		
Câu cá giăng lưới - suối câu cá rô phi huyền thoại	"3,223"	149	35		
"Săn đêm - bắt cá, ốc, cua, và nhiều loại sinh vật biển"	"3,193"	97	18		
"Săn chim đêm, gặp đại gia đình ếch rừng bị mắc kẹt trong hang mùa khô hạn"	"3,169"	79	6		
Đi tìm tổ ong rừng - tập 2	"3,138"	69	31		
Săn bắt hải sản - chui vào rừng già bắt ngao sò ốc lâu năm nơi hoang dã	"2,961"	86	24		
"Thằn lằn đá, 80% người việt nam không biết con vật này"	"2,956"	81	13		
Câu cá giải trí - giật cá sướng tay dưới con suối thiên nhiên	"2,623"	42	17		
"Câu cá giải trí - kéo cá mỏi tay, một ngày trời mưa gió đầy may mắn"	"2,254"	54	16		
"Bắt tôm tít, cua đá, hải sâm, ốc mặt trăng, và các loại sinh vật biển - phần 1"	"2,246"	60	4		
"Hiện tượng lạ có 102, mặt trời khổng lồ tỏa ra ánh sáng 7 màu"	"2,059"	46	33		
Đi tìm tổ ong rừng - tập 4	"2,015"	58	12		
Câu cá giải trí - giật cá lia lịa mỏi tay và cái kết đắng lòng thanh niên	"1,824"	45	23		
"Săn bắt đêm, cua, cá, ốc, và nhiều loại sinh vật biển - tập 2"	"1,675"	64	24		
"Lặn biển ngắm cá và san hô, bắt ốc biển"	"1,642"	40	22		
"Lặn biển, săn bắt cá mặt quỷ, cua đá, ốc mặt trăng"	"1,461"	36	16		
